url,digitsInURL,lenOfURL,domainsList,esc,ln,avglen,wordcount,distCount,linkcount,hrefcount,evalCount,unescapeCount,escapeCount,searchCount,execCount,linkCount,activeXCount,phish_id,phish_detail_url,submission_time,verified,verification_time,online,targethttp://sitesumo.com/mailveriad/main.html,0,40,"['/sitesumo', 'com/']",40,47155,38.60657119,1187,615,0,1,0,0,0,0,0,0,0,6218654,http://www.phishtank.com/phish_detail.php?phish_id=6218654,2019-09-30T12:49:33+00:00,yes,2019-09-30T12:49:53+00:00,yes,Other
http://www.google.com.ng/imgres?imgurl=http://forasinvest.com/v2/images/stories/benin%20hotel%201.jpg&amp;amp;amp;amp;amp;imgrefurl=http://forasinvest.com/v2/index.php?option=com_content&amp;amp;amp;amp;view=article&amp;amp;amp;amp;id=143%3Athe-greatest-tourism-project-in-beninpresid...,11,288,"['/www', 'google', 'com', 'ng/']",6,11439,39.68327402135231,281,244,0,21,0,0,0,0,0,0,2,,,,,,,
http://superpromocao.net78.net/explosaodepremiosonline/master/Visa/90%20dias/explosaodepremiosonline/cadastro5.php?6L72C6FGSXHGY2H5R9Z8488893PKNYMSJTUVYABR9T97VPANY0U2H30P6Z0SXWLHQFDOQPGYIO5EDF2BPWD8ZNW5M7WJ4H2TXEIN4YLMNQ2273CVZQ4YD1317ZJAGL4EZL24KNQ8DR9KULFTCJSQJVQPUAZBV4PVPRZ0,54,280,"['/superpromocao', 'net78', 'net/']",838,51488,16.6573402417962,2895,1123,47,225,0,0,0,0,0,0,0,,,,,,,
https://www.google.fr/url?sa=t&amp;rct=j&amp;q=&amp;esrc=s&amp;source=web&amp;cd=2&amp;sqi=2&amp;ved=0CFAQFjAB&amp;url=http%3A%2F%2Finchelseahairdesign.com%2Ftestimonials%2F&amp;ei=YDTeT6iwEYa58gOQzbTNCw&amp;usg=AFQjCNFvCHm-vR4Tw-9tLAmt1uLbKGczGA&amp;sig2=ba7yVjCgDBQCuFPZsxczPQ,16,279,"['/www', 'google', 'fr/']",4,1408,15.0,88,71,0,1,0,0,0,0,0,0,0,,,,,,,
http://www.google.co.ma/url?sa=t&amp;rct=j&amp;q=&amp;esrc=s&amp;source=web&amp;cd=2&amp;cad=rja&amp;ved=0CCsQFjAB&amp;url=http%3A%2F%2Fhoteldiscounts247.com%2Fimages%2F&amp;ei=AklBUOjCDInJhAfLnIDIBA&amp;usg=AFQjCNHobEFMredlaO7QQeyh4qysM1JQQg&amp;sig2=gDC8Afj91BPxzYGjP8H4DA,19,275,"['/www', 'google', 'co', 'ma/']",4,1408,15.0,88,71,0,1,0,0,0,0,0,0,0,,,,,,,
http://www.google.co.ma/url?sa=t&amp;rct=j&amp;q=&amp;esrc=s&amp;source=web&amp;cd=2&amp;cad=rja&amp;ved=0CCsQFjAB&amp;url=http://hoteldiscounts247.com/images/&amp;ei=AklBUOjCDInJhAfLnIDIBA&amp;usg=AFQjCNHobEFMredlaO7QQeyh4qysM1JQQg&amp;sig2=gDC8Afj91BPxzYGjP8H4DA,14,265,"['/www', 'google', 'co', 'ma/']",4,1408,15.0,88,71,0,1,0,0,0,0,0,0,0,,,,,,,
http://www.ng00.com/vb/redirect-to/?redirect=http://ebay-security.servehttp.com/SignIn.pUserId=UsingSSL=0.pUserId=1.co_partnerId=2.siteid=0.ru=https3A2F2Farbd.ebay.com=Confirmidentity.redirectpage3D955263D1.pp=pass.pageType=4048.k=1.favoritenav=bshowgif=0.i1=0.htm,25,265,"['/www', 'ng00', 'com/']",85,5233,14.138709677419355,310,207,0,10,0,0,0,0,0,0,0,,,,,,,
https://www.google.nl/url?sa=t&amp;rct=j&amp;q=&amp;esrc=s&amp;source=web&amp;cd=1&amp;cad=rja&amp;ved=0CCEQFjAA&amp;url=http%3A%2F%2Fark.com.ge%2F&amp;ei=IDeoUIPUI-ik0AWa1oCIDg&amp;usg=AFQjCNE1H_KILEGlt8o_ewzUszZUJfMV9A&amp;sig2=Ygg8NBvIiOWFfiziSKFJKA,13,253,"['/www', 'google', 'nl/']",4,1408,15.0,88,71,0,1,0,0,0,0,0,0,0,,,,,,,
http://t.womenwan.com/game/images/tlcs/148-onepw/index.swf?act=http%3A%2F%2Fyaowan.com%2Fwebads_reg.php&amp;sendparam=%26recom_man%3Dkr02%26recom_2%3Djuncheng%26openerstr%3Dkr02%26material_id%3D148-onepw%26plat%3Dyw%26game%3Dtlcs%26district%3D0%26sip%,39,252,"['/t', 'womenwan', 'com/']",14,845,20.125,40,39,0,0,0,0,0,0,0,0,0,,,,,,,
http://schooldrive.ru/bitrix/js/main/protection.wellsfargo.com/protection.wellsfargo.com/secure.php?zxjyb3iubm9vc2vybmftzq==zxjyb3iubm9vc2vybmftzq=http:/www.lunacar.net/cache/template/newwells/newwells/secure.php?zxjyb3iubm9vc2vybmftzq==zxjyb3iubm9vc,11,251,"['/schooldrive', 'ru/']",0,0,0,0,0,0,0,0,0,0,0,0,0,0,,,,,,,
http://schooldrive.ru/bitrix/js/main/protection.wellsfargo.com/protection.wellsfargo.com/secure.php?zxjyb3iubm9vc2vybmftzq==zxjyb3iubm9vc2vybmftzq=http:/www.lunacar.net/cache/template/newwells/newwells/secure.php?zxjyb3iubm9vc2vybmftzqhttp:/www.in,9,248,"['/schooldrive', 'ru/']",0,0,0,0,0,0,0,0,0,0,0,0,0,0,,,,,,,
http://schooldrive.ru/bitrix/js/main/protection.wellsfargo.com/protection.wellsfargo.com/secure.php?zxjyb3iubm9vc2vybmftzq==zxjyb3iubm9vc2vybmftzq=http:/www.indiatoursunlimited.com/wp-content/upgrade/mail/support.welsfargo-card.customer-online/,6,244,"['/schooldrive', 'ru/']",0,0,0,0,0,0,0,0,0,0,0,0,0,0,,,,,,,
https://www.google.nl/url?sa=t&amp;rct=j&amp;q=&amp;esrc=s&amp;source=web&amp;cd=1&amp;cad=rja&amp;ved=0CCEQFjAA&amp;url=http://ark.com.ge/&amp;ei=IDeoUIPUI-ik0AWa1oCIDg&amp;usg=AFQjCNE1H_KILEGlt8o_ewzUszZUJfMV9A&amp;sig2=Ygg8NBvIiOWFfiziSKFJKA,9,245,"['/www', 'google', 'nl/']",4,1408,15.0,88,71,0,1,0,0,0,0,0,0,0,,,,,,,
http://www.pal-wakf.ps/ar/wp-admin/includes/js/www.paypal.com/cgi-bin/loginpps.htm?cmd=_login-submit&dispatch=5885d80a13c0db1f8e263663d3faee8d66edfb0b39be7838c6fe2b48d88c66cil9a68124d13c9ff644f4e56a317882c009a68124d13c9ff644f4e56a317882c00,82,240,"['/www', 'pal-wakf', 'ps/']",0,20331,17.4,1105,597,1,69,0,0,0,0,0,0,0,,,,,,,
http://black.com.pk/service.paypal.confirm.com.usa.webscrlcmdl.login.submit.dispatch.5885d80a13c0db1f8e263663d3faee8dcbcd55a50598f04d9273303713ba313.980487.98746.874774.8754/paypal.com/ada447d16b3d96bac39a2b4cf66e555b/index.php?cmd=_login,79,239,"['/black', 'com', 'pk/']",55,3467,15.912568306010929,183,99,0,14,0,0,0,0,0,0,0,,,,,,,
http://ourocar2012.netne.net/Promocional-2012/cadastro3.html?id=US9MXQRTWVSP76XY3EHV0MNEWP987QQ2IZNFPF0MB2BH79G0MX5WJRAGGJNM0ENSDB93RHP3I1KP91YVX3RHT3YALMXV1KNDWVGOD6QW7ALEBJA0L2RF4PQPBNKB99P557THCJDIUYX6H8F407JCV037WMI5U90ZE3GQ,56,229,"['/ourocar2012', 'netne', 'net/']",838,51488,16.6573402417962,2895,1123,47,225,0,0,0,0,0,0,0,,,,,,,
http://www.jbi.or.kr/bbs/skin/redecard/Redecard/cadastro.htm?id=1MIIE9M5EDT8NUCKSG0RF88080DPFH7F4PXIXKMCXGJKAW64DEUTM23TBFJQWQ61F4JDN6PKM06W7BZJPUCCVE67UPWRF3RU6A9TGXD38JZDUZXKT0WPN3VHRS98U13ZBASS97UFQUTLUQ6N13CN696X1E5VF7VQHOIP,47,229,"['/www', 'jbi', 'or', 'kr/']",0,1785,26.015151515151516,66,61,0,1,0,0,0,0,0,0,0,,,,,,,
http://black.com.pk/service.paypal.confirm.com.usa.webscrlcmdl.login.submit.dispatch.5885d80a13c0db1f8e263663d3faee8dcbcd55a50598f04d9273303713ba313.980487.98746.874774.8754/paypal.com/a950f99cfc78181deaadf4ef24bfe2bc/index.php,76,228,"['/black', 'com', 'pk/']",55,3467,15.912568306010929,183,99,0,14,0,0,0,0,0,0,0,,,,,,,
http://www.ancientcrossroads.org/wp-admin/WF_Update-sslcomp_SECURE-YRVuG9yODM4QG1haWwPOuY29tLCB5b3VyIGRvY3VtZW50cyBpbiB2YXJpb3VzIGZvcm1hMgc3VjaCBhczogQVNDU0lJLCBCaW5hcnksIEJhc2UgNjQsIEhleCwgQ2Flc2FyIEJydXRlZsulangiliou/session/,19,227,"['/www', 'ancientcrossroads', 'org/']",1064,50935,7.491725768321513,5922,2319,13,88,0,0,0,0,0,0,0,,,,,,,
http://www.australianwebservices.com/attachments/paypal.com/webscr.php?cmd=_login-run&dispatch=5885d80a13c0db1f1ff80d546411d7f8a8350cb132bc41e0934cfc023d4e8f9e5a47f36e4af16861c086524e7afb1fd92a47f36e4af16861c086524e7afb1fd92,81,225,"['/www', 'australianwebservices', 'com/']",10,272,7.451612903225806,31,29,0,0,0,0,0,0,0,0,0,,,,,,,
https://www.google.nl/url?sa=t&amp;rct=j&amp;q=&amp;esrc=s&amp;source=web&amp;cd=1&amp;cad=rja&amp;ved=0CB4QFjAA&amp;url=http%3A%2F%2Fwww.unit.ge%2F&amp;ei=SjioUJXLDNKX0QW78YCQBA&amp;usg=AFQjCNFQchOQEQnoi97ZReGt0Ptv2XcOGA,14,222,"['/www', 'google', 'nl/']",4,1408,15.0,88,71,0,1,0,0,0,0,0,0,0,,,,,,,
http://cielopremiosnet.site90.net/xx/cadastro.html?ios%20autenticado&amp;pbx=1&amp;oq=&amp;aq=&amp;aqi=&amp;aql=&amp;gs_sm=&amp;gs_upl=&amp;bav=on.2%2cor.r_gc.r_pw.%2ccf.osb&amp;fp=aa151a29d476e27c&amp;pf=p&amp;pdl=500,21,219,"['/cielopremiosnet', 'site90', 'net/']",838,51488,16.6573402417962,2895,1123,47,225,0,0,0,0,0,0,0,,,,,,,
http://www.therealblackatheist.com/includes/.cgi/https.www.paypal.co.uk.returnUrl.cgi-bin_account&country.x=GB&locale.x=en_GB/2XT57129VT19374H/13.07.2015/dispute_centre/cgi_bin/.payment.decline.centre/revalidate.htm,19,216,"['/www', 'therealblackatheist', 'com/']",9,453,11.714285714285714,35,34,0,0,0,0,0,0,0,0,0,,,,,,,
https://www.google.nl/url?sa=t&amp;rct=j&amp;q=&amp;esrc=s&amp;source=web&amp;cd=1&amp;cad=rja&amp;ved=0CB4QFjAA&amp;url=http://www.unit.ge/&amp;ei=SjioUJXLDNKX0QW78YCQBA&amp;usg=AFQjCNFQchOQEQnoi97ZReGt0Ptv2XcOGA,10,214,"['/www', 'google', 'nl/']",4,1408,15.0,88,71,0,1,0,0,0,0,0,0,0,,,,,,,
http://t.womenwan.com/game/images/tlcs/148-onepw/index.swf?act=http://yaowan.com/webads_reg.php&sendparam=&recom_man=kr02&recom_2=juncheng&openerstr=kr02&material_id=148-onepw&plat=yw&game=tlcs&district=0&sip%,12,210,"['/t', 'womenwan', 'com/']",14,845,20.125,40,39,0,0,0,0,0,0,0,0,0,,,,,,,
http://schooldrive.ru/bitrix/js/main/protection.wellsfargo.com/protection.wellsfargo.com/secure.php?zxjyb3iubm9vc2vybmftzq==zxjyb3iubm9vc2vybmftzq=http:/www.compasstanks.com.au/images/wells/wells/signon.php,6,207,"['/schooldrive', 'ru/']",0,0,0,0,0,0,0,0,0,0,0,0,0,0,,,,,,,
http://schooldrive.ru/bitrix/js/main/protection.wellsfargo.com/protection.wellsfargo.com/secure.php?zxjyb3iubm9vc2vybmftzq==zxjyb3iubm9vc2vybmftzq=hxxp:/www.compasstanks.com.au/images/wells/wells/signon.php,6,207,"['/schooldrive', 'ru/']",0,0,0,0,0,0,0,0,0,0,0,0,0,0,,,,,,,
http://218.38.12.110/tool/dtsys.exe?ccp=3d3d3d3d3d3d108646down:nalacnicbrl-registrobr-uol@corp.uol.com.br200.98.138.630to0200.98.138.63200.98.138.63200.98.138.63/html/sites/promo/www/-br/segundo_passo.php,64,205,[''],6011,990617,37.88418944392083,25464,21262,0,1,0,0,0,0,0,0,22,,,,,,,
http://www.therealblackatheist.com/includes/.cgi/https.www.paypal.co.uk.returnUrl.cgi-bin_account&country.x=GB&locale.x=en_GB/2XT57129VT19374H/13.07.2015/dispute_centre/cgi_bin/.payment.decline.centre/,19,201,"['/www', 'therealblackatheist', 'com/']",9,453,11.714285714285714,35,34,0,0,0,0,0,0,0,0,0,,,,,,,
http://secure2.verified.information.cmd.login.submit.dashboard.language.com.mylolided.woa.f564.54qsd64qsd46.euamoarquitetura.com/Confirmation-your-identitys/8536e7a0853d7bd923a24a8dc0edf791/login.php,30,200,"['/secure2', 'verified', 'information', 'cmd', 'login', 'submit', 'dashboard', 'language', 'com', 'mylolided', 'woa', 'f564', '54qsd64qsd46', 'euamoarquitetura', 'com/']",0,800,18.536585365853657,41,39,1,2,0,0,0,0,0,0,0,,,,,,,
http://secure2.verified.information.cmd.login.submit.dashboard.language.com.mylolided.woa.f564.54qsd64qsd46.euamoarquitetura.com/Confirmation-your-identitys/d7da1b7d90829727f31357c453edabcd/login.php,29,200,"['/secure2', 'verified', 'information', 'cmd', 'login', 'submit', 'dashboard', 'language', 'com', 'mylolided', 'woa', 'f564', '54qsd64qsd46', 'euamoarquitetura', 'com/']",0,800,18.536585365853657,41,39,1,2,0,0,0,0,0,0,0,,,,,,,
http://www.prudy.by/update/webscr.php?cmd=_login-run&amp;dispatch=5885d80a13c0db1f1ff80d546411d7f8a8350c132bc41e0934cfc023d4e8f9e55e69d18035e578647dc1ce8f478502a25e69d18035e578647dc1ce8f478502a2,87,195,"['/www', 'prudy', 'by/']",368,14450,12.884057971014492,966,531,3,26,0,0,0,0,0,0,0,,,,,,,
http://www.prudy.by/cc/webscr.php?cmd=_login-run&amp;dispatch=5885d80a13c0db1f1ff80d546411d7f8a8350c132bc41e0934cfc023d4e8f9e56d6dc9e9cc5cea5f922ea575e0a636876d6dc9e9cc5cea5f922ea575e0a63687,77,191,"['/www', 'prudy', 'by/']",368,14450,12.884057971014492,966,531,3,26,0,0,0,0,0,0,0,,,,,,,
http://www.prudy.by/update/webscr.php?cmd=_login-run&dispatch=5885d80a13c0db1f1ff80d546411d7f8a8350c132bc41e0934cfc023d4e8f9e55e69d18035e578647dc1ce8f478502a25e69d18035e578647dc1ce8f478502a2,87,191,"['/www', 'prudy', 'by/']",368,14450,12.884057971014492,966,531,3,26,0,0,0,0,0,0,0,,,,,,,
http://www.prudy.by/CCS/webscr.php?cmd=_login-run&dispatch=5885d80a13c0db1f1ff80d546411d7f8a8350c132bc41e0934cfc023d4e8f9e5ffe86ae0ebf2dbf8b59eb3661d2752b5ffe86ae0ebf2dbf8b59eb3661d2752b5,73,188,"['/www', 'prudy', 'by/']",368,14450,12.884057971014492,966,531,3,26,0,0,0,0,0,0,0,,,,,,,
http://www.prudy.by/Pay/webscr.php?cmd=_login-run&dispatch=5885d80a13c0db1f1ff80d546411d7f8a8350c132bc41e0934cfc023d4e8f9e557d28adab2353e7423eaae53a5cd3c9557d28adab2353e7423eaae53a5cd3c95,77,188,"['/www', 'prudy', 'by/']",368,14450,12.884057971014492,966,531,3,26,0,0,0,0,0,0,0,,,,,,,
http://www.prudy.by/cc/webscr.php?cmd=_login-run&dispatch=5885d80a13c0db1f1ff80d546411d7f8a8350c132bc41e0934cfc023d4e8f9e56d6dc9e9cc5cea5f922ea575e0a636876d6dc9e9cc5cea5f922ea575e0a63687,77,187,"['/www', 'prudy', 'by/']",368,14450,12.884057971014492,966,531,3,26,0,0,0,0,0,0,0,,,,,,,
http://www.google.ad/url?sa=f&rct=j&url=https:/www.paypal.com.ar/ar/cgi-bin/webscr%3Fcmd%3D_home&q=paypal+argentina&ei=KnwMUJPvJebB0QWg_9TSCg&usg=AFQjCNGS_At_KxJucgoGBbHISLuHcNez_Q,4,181,"['/www', 'google', 'ad/']",4,1408,15.0,88,71,0,1,0,0,0,0,0,0,0,,,,,,,
http://allegrobezpiecznelogowanie.net16.net/allegro_wAJBQAHB1IAXlurl2YVQAAF0MUBUlwIAUFdeDgYBUlwIAUwAJBQAHB1IAXAAwAJBQAHB1IAXlurl=NNDc2YVQAAFUwAJBQAHB1session/sursa.html,9,169,"['/allegrobezpiecznelogowanie', 'net16', 'net/']",838,51488,16.6573402417962,2895,1123,47,225,0,0,0,0,0,0,0,,,,,,,
http://users2.jabry.com/kamale/Please-Update-Your-profiernce-account-in-this-page/update-back-sure-account-serviceon-your-paliza-mark-hary/pay_form_ec_cvv2.html,2,161,"['/users2', 'jabry', 'com/']",230,28117,25.90720631786772,1013,573,0,11,0,0,0,0,0,0,0,,,,,,,
http://www.robertoflores.com/tienda/catalog/images/infobox/danemark/redirectiondk.html?g4d3bdOsiuarHDdBl0bEP6dBVy_wP1WJ6XZDh7nemRp9bv2mHJ0HYZAnI0s9SxWExsS,12,155,"['/www', 'robertoflores', 'com/']",58,2184,11.296610169491526,118,87,0,2,0,0,0,0,0,0,0,,,,,,,
http://www.tanaconstruction.com/~showech/webscrlcmd.login.submit.dispatch.5885d80a130db1f8e263663d3faee8dcbcd55a50598/account/id/459873216987319/pp/,41,148,"['/www', 'tanaconstruction', 'com/']",40,13606,12.878323108384459,978,595,6,45,0,0,0,0,0,0,0,,,,,,,
http://regerengineering.com/click/www.paypal.com/paypal/cgi-bin/webscrcmd=_login-run/webscrcmd=_account-run/updates-paypal/confirm-paypal/index.htm,0,148,"['/regerengineering', 'com/']",262,9082,15.100558659217876,537,358,0,8,0,0,0,0,0,0,0,,,,,,,
http://schooldrive.ru/bitrix/js/main/protection.wellsfargo.com/protection.wellsfargo.com/secure.php?zxjyb3iubm9vc2vybmftzq==zxjyb3iubm9vc2vybmftzq=,6,148,"['/schooldrive', 'ru/']",0,0,0,0,0,0,0,0,0,0,0,0,0,0,,,,,,,
http://www.likepeanutbutterandjelly.com/wp-admin/maint/confirme-you-accuant-apple-en/0ddf30bb1abbbe7df8d3336c8cd1a21a/WebObjects/iTunesConnect.html,14,148,"['/www', 'likepeanutbutterandjelly', 'com/']",101,4853,11.28125,384,254,2,10,0,0,0,0,0,0,0,,,,,,,
http://www.izleyebilsek.com/wp-content/themes/blackman/ioncube/gerbera/?audi-a3-sportback-1-9-tdi-navi-1-reka-z-niemiec-i2586287927.html&amp;,14,142,"['/www', 'izleyebilsek', 'com/']",191,8065,15.64642082429501,461,304,0,7,0,0,0,0,0,0,0,,,,,,,
http://www.luquanlvshi.net/js/index.htm?http://us.battle.net/login/en/?ref=http%3A%2F%2Fcoabrpgus.battle.net%2Fd3%2Fen%2Findex&amp;app=com-d3,8,142,"['/www', 'luquanlvshi', 'net/']",18,795,16.2,45,40,1,1,0,0,0,0,0,0,0,,,,,,,
http://www.luquanlvshi.net/js/index.htm?http://us.battle.net/login/en/?ref=http%3A%2F%2Fwjreythus.battle.net%2Fd3%2Fen%2Findex&amp;app=com-d3,8,142,"['/www', 'luquanlvshi', 'net/']",18,795,16.2,45,40,1,1,0,0,0,0,0,0,0,,,,,,,
http://www.infigueirahouse.net/newsletter/marco/paypal/?cmd=_home&amp;dispatch=5885d80a13c0db1f8e&amp;ee=56cab618a37a60ee3b69613a6fdeb440,30,138,"['/www', 'infigueirahouse', 'net/']",232,9250,15.478260869565217,529,351,0,8,0,0,0,0,0,0,0,,,,,,,
http://www.kf25zx.com/images/?http://us.battle.net/login/en/?ref=http%3A%2F%2Fxcqdlhtus.battle.net%2Fd3%2Fen%2Findex&amp;amp;app=com-d3,10,136,"['/www', 'kf25zx', 'com/']",63,2333,15.178294573643411,129,102,0,0,0,0,0,0,0,0,0,,,,,,,
http://www.skaneettan.se/modules/menu/acuntaptpatg0fd2grey65hrt15fd6sgfd0sg6z45t465yrt0ehgfd163sdfhb/1341a0ef63a69b53885dc41ca1014994/,41,134,"['/www', 'skaneettan', 'se/']",120,15687,14.193069306930694,1010,507,3,19,0,0,0,0,0,0,0,,,,,,,
http://www.skaneettan.se/modules/menu/acuntaptpatg0fd2grey65hrt15fd6sgfd0sg6z45t465yrt0ehgfd163sdfhb/ad92d8b9c7b79a695ef5d406e6b44ed7/,36,134,"['/www', 'skaneettan', 'se/']",120,15687,14.193069306930694,1010,507,3,19,0,0,0,0,0,0,0,,,,,,,
http://www.sz-leteng.com/images/?http://us.battle.net/login/en/?ref=http%3A%2F%2Fbopgkotus.battle.net%2Fd3%2Fen%2Findex&amp;app=com-d3,8,135,"['/www', 'sz-leteng', 'com/']",286,6150,10.907582938388625,422,102,0,9,0,0,0,0,0,0,0,,,,,,,
http://www.sz-leteng.com/images/?http://us.battle.net/login/en/?ref=http%3A%2F%2Fcxgywstus.battle.net%2Fd3%2Fen%2Findex&amp;app=com-d3,8,135,"['/www', 'sz-leteng', 'com/']",286,6150,10.907582938388625,422,102,0,9,0,0,0,0,0,0,0,,,,,,,
http://www.jjscdc.cn/adfile/login.html?http://us.battle.net/login/en/?ref=http%3A%2F%2Fus.battle.net%2Fd3%2Fen%2Findex&amp;app=com-d3,8,134,"['/www', 'jjscdc', 'cn/']",320,4422,9.408629441624365,394,268,0,2,0,0,0,0,0,0,0,,,,,,,
http://www.xsxzjzx.com/Images/?amp;dest&amp;amp;https://secure.runescape.com/m=weblogin/loginform.ws?mod=www&amp;amp;ulxhiabamp;ssl=0,1,134,"['/www', 'xsxzjzx', 'com/']",26,832,16.82608695652174,46,45,0,0,0,0,0,0,0,0,0,,,,,,,
http://www.gzqb.com.cn/Images/?http://us.battle.net/login/en/?ref=http%3A%2F%2Fafwayjpus.battle.net%2Fd3%2Fen%2Findex&amp;app=com-d3,8,133,"['/www', 'gzqb', 'com', 'cn/']",0,25,25.0,1,1,0,0,0,0,0,0,0,0,0,,,,,,,
http://www.wzae.com.cn/js/?https://us.battle.net/login/en/ref=http%3A%2F%2Fus.battle.net%2Fd3%2Fen%2Findex&amp;hdrzrkzamp;app=com-d3,8,133,"['/www', 'wzae', 'com', 'cn/']",1,78,18.25,4,4,0,0,0,0,0,0,0,0,0,,,,,,,
http://www.wzae.com.cn/js/?https://us.battle.net/login/en/ref=http%3A%2F%2Fus.battle.net%2Fd3%2Fen%2Findex&amp;zwtbcphamp;app=com-d3,8,133,"['/www', 'wzae', 'com', 'cn/']",1,78,18.25,4,4,0,0,0,0,0,0,0,0,0,,,,,,,
http://www.kun-su.com/images/?http://us.battle.net/login/en/?ref=http%3A%2F%2Femlynskus.battle.net%2Fd3%2Fen%2Findex&amp;app=com-d3,8,132,"['/www', 'kun-su', 'com/']",41,1846,11.218978102189782,137,110,0,1,0,0,0,0,0,0,0,,,,,,,
http://www.118bm.com/images/?app=com-d3&amp;http://us.battle.net/login/en/?ref=http%3A%2F%2Fbmtlzkhus.battle.net%2Fd3%2Fen%2Findex,11,131,"['/www', '118bm', 'com/']",141,5223,11.714285714285714,336,197,1,9,0,0,0,0,0,0,0,,,,,,,
http://www.118bm.com/images/?http://us.battle.net/login/en/?ref=http%3A%2F%2Fbmtlzkhus.battle.net%2Fd3%2Fen%2Findex&amp;app=com-d3,11,131,"['/www', '118bm', 'com/']",141,5223,11.714285714285714,336,197,1,9,0,0,0,0,0,0,0,,,,,,,
http://www.luquanlvshi.net/js/index.htm?http://us.battle.net/login/en/?ref=http://coabrpgus.battle.net/d3/en/index&amp;app=com-d3,2,130,"['/www', 'luquanlvshi', 'net/']",18,795,16.2,45,40,1,1,0,0,0,0,0,0,0,,,,,,,
http://www.luquanlvshi.net/js/index.htm?http://us.battle.net/login/en/?ref=http://wjreythus.battle.net/d3/en/index&amp;app=com-d3,2,130,"['/www', 'luquanlvshi', 'net/']",18,795,16.2,45,40,1,1,0,0,0,0,0,0,0,,,,,,,
http://www.vetline.sk/modules/book/p/ppaypall-comm0/updaate-ifiormation/usser/73041232us-userr/2863d879d48897d1626c9bb9f951f16d/,32,128,"['/www', 'vetline', 'sk/']",548,20006,16.15209471766849,1098,604,3,23,0,0,0,0,0,0,0,,,,,,,
http://xyqx168.com/images/?app=com-d3&amp;http://us.battle.net/login/en/?ref=http%3A%2F%2Ftbaoletus.battle.net%2Fd3%2Fen%2Findex,11,129,"['/xyqx168', 'com/']",286,6156,10.921800947867299,422,102,0,9,0,0,0,0,0,0,0,,,,,,,
http://xyqx168.com/images/?http://us.battle.net/login/en/?ref=http%3A%2F%2Ftbaoletus.battle.net%2Fd3%2Fen%2Findex&amp;app=com-d3,11,129,"['/xyqx168', 'com/']",286,6156,10.921800947867299,422,102,0,9,0,0,0,0,0,0,0,,,,,,,
http://www.cida-auto.com/images/?http://us.battle.net/login/en/?ref=http%3A%2F%2Fus.battle.net%2Fd3%2Fen%2Findex&amp;app=com-d3,8,128,"['/www', 'cida-auto', 'com/']",77,3770,14.204347826086957,230,131,0,9,0,0,0,0,0,0,0,,,,,,,
http://www.jinxiuyuanlin.com/js/?app=com-d3&amp;http://us.battle.net/login/en/?ref=http%3A%2F%2Fus.battle.net%2Fd3%2Fen%2Findex,8,128,"['/www', 'jinxiuyuanlin', 'com/']",40,13460,12.971904266389178,961,582,6,46,0,0,0,0,0,0,0,,,,,,,
http://www.jinxiuyuanlin.com/js/?http://us.battle.net/login/en/?ref=http%3A%2F%2Fus.battle.net%2Fd3%2Fen%2Findex&amp;app=com-d3,8,128,"['/www', 'jinxiuyuanlin', 'com/']",40,13460,12.971904266389178,961,582,6,46,0,0,0,0,0,0,0,,,,,,,
http://www.chao-yue.net/images/?http://us.battle.net/login/en/?ref=http%3A%2F%2Fus.battle.net%2Fd3%2Fen%2Findex&amp;app=com-d3,8,127,"['/www', 'chao-yue', 'net/']",60,2446,11.554913294797688,173,113,0,3,0,0,0,0,0,0,0,,,,,,,
http://www.tuenkers.com.cn/images/index.htm?http://us.battle.net/login/en/?ref=http://us.battle.net/d3/en/index&amp;app=com-d3,2,127,"['/www', 'tuenkers', 'com', 'cn/']",837,36531,14.92806603773585,1696,638,2,66,0,0,0,0,0,0,0,,,,,,,
http://www.gswzmb.com/down/js/?http://us.battle.net/login/en/?ref=http%3A%2F%2Fus.battle.net%2Fd3%2Fen%2Findex&amp;app=com-d3,8,126,"['/www', 'gswzmb', 'com/']",26,862,6.589285714285714,112,45,0,0,0,0,0,0,0,0,0,,,,,,,
http://www.luquanlvshi.net/js/index.htm?app=com-d3&http://us.battle.net/login/en/?ref=http://coabrpgus.battle.net/d3/en/index,2,126,"['/www', 'luquanlvshi', 'net/']",18,795,16.2,45,40,1,1,0,0,0,0,0,0,0,,,,,,,
http://www.luquanlvshi.net/js/index.htm?http://us.battle.net/login/en/?ref=http://coabrpgus.battle.net/d3/en/index&app=com-d3,2,126,"['/www', 'luquanlvshi', 'net/']",18,795,16.2,45,40,1,1,0,0,0,0,0,0,0,,,,,,,
http://www.luquanlvshi.net/js/index.htm?http://us.battle.net/login/en/?ref=http://wjreythus.battle.net/d3/en/index&app=com-d3,2,126,"['/www', 'luquanlvshi', 'net/']",18,795,16.2,45,40,1,1,0,0,0,0,0,0,0,,,,,,,
http://bighixrecords.com/libraries/pattemplate/patTemplate/TemplateCache/Ser-ici/visa_fur_handler.aspx=35439767111/index.htm,11,125,"['/bighixrecords', 'com/']",655,13262,13.0,907,518,8,36,0,0,0,0,0,0,0,,,,,,,
http://ea.ce-intern.com/_la.php?&amp;nid=803784&amp;sid=218699859&amp;lid=2642119&amp;tg=http://www.santafetex.com/login.php,22,125,"['/ea', 'ce-intern', 'com/']",234,1378,9.927272727272728,110,71,0,0,0,0,0,0,0,0,0,,,,,,,
http://shannuodianqi.com/img/?http://us.battle.net/login/en/?ref=http%3A%2F%2Fus.battle.net%2Fd3%2Fen%2Findex&amp;app=com-d3,8,125,"['/shannuodianqi', 'com/']",41,1846,11.218978102189782,137,110,0,1,0,0,0,0,0,0,0,,,,,,,
http://www.zjgfw.org/images/?http://us.battle.net/login/en/?ref=http%3A%2F%2Fus.battle.net%2Fd3%2Fen%2Findex&amp;app=com-d3,8,124,"['/www', 'zjgfw', 'org/']",26,831,6.513761467889908,109,42,0,0,0,0,0,0,0,0,0,,,,,,,
http://www.naylorantiques.com/=eJ4PmUV43b8Z81ms4FouRVGJJHqi1CJpjfZUIpjX=/=muA4EcxOEydfSG3hZ2I6v5MfqCVuadYbOjPSBRg3AgDd=/a/,14,122,"['/www', 'naylorantiques', 'com/']",303,22154,17.870106761565836,1124,627,22,38,0,0,0,0,0,0,0,,,,,,,
http://www.sz-leteng.com/images/?http://us.battle.net/login/en/?ref=http://bopgkotus.battle.net/d3/en/index&amp;app=com-d3,2,123,"['/www', 'sz-leteng', 'com/']",286,6150,10.907582938388625,422,102,0,9,0,0,0,0,0,0,0,,,,,,,
http://www.sz-leteng.com/images/?http://us.battle.net/login/en/?ref=http://cxgywstus.battle.net/d3/en/index&amp;app=com-d3,2,123,"['/www', 'sz-leteng', 'com/']",286,6150,10.907582938388625,422,102,0,9,0,0,0,0,0,0,0,,,,,,,
http://www.tuenkers.com.cn/images/index.htm?http://us.battle.net/login/en/?ref=http://us.battle.net/d3/en/index&app=com-d3,2,123,"['/www', 'tuenkers', 'com', 'cn/']",837,36531,14.92806603773585,1696,638,2,66,0,0,0,0,0,0,0,,,,,,,
http://64835108.net/images/?https://us.battle.net/login/en/ref=http://us.battle.net/d3/en/index&amp;srokkdaamp;app=com-d3,10,122,"['/64835108', 'net/']",137,2939,14.610169491525424,177,144,0,4,0,0,0,0,0,0,0,,,,,,,
http://shikshasolutions.com/contact_us/contact_us/new1/aabe6cdf7c696a46a8264c1a3192882e/ca08326e0918dd0a420b3e2df5763970/,42,121,"['/shikshasolutions', 'com/']",40,14061,13.658307210031348,957,582,6,51,0,0,0,0,0,0,0,,,,,,,
http://shikshasolutions.com/contact_us/contact_us/new1/cd271cf85e41543ff9b3235438a07adc/3908dc18c43b05a819f5bb5dbeeca6e1/,38,121,"['/shikshasolutions', 'com/']",40,14061,13.658307210031348,957,582,6,51,0,0,0,0,0,0,0,,,,,,,
http://www.andboog.com/js/?http://us.battle.net/login/en/?ref=http%3A%2F%2Fus.battle.net%2Fd3%2Fen%2Findex&amp;app=com-d3,8,122,"['/www', 'andboog', 'com/']",0,167,32.6,5,5,0,0,0,0,0,0,0,0,0,,,,,,,
http://www.jjscdc.cn/adfile/login.html?http://us.battle.net/login/en/?ref=http://us.battle.net/d3/en/index&amp;app=com-d3,2,122,"['/www', 'jjscdc', 'cn/']",320,4422,9.408629441624365,394,268,0,2,0,0,0,0,0,0,0,,,,,,,
http://www.zjxedu.com/Images/index.htm?http://us.battle.net/login/en/?ref=http://us.battle.net/d3/en/index&amp;app=com-d3,2,122,"['/www', 'zjxedu', 'com/']",0,0,0,0,0,0,0,0,0,0,0,0,0,0,,,,,,,
http://ea.celnk.net/_la.php?&amp;lid=3014023&amp;nid=876268&amp;sid=218699859&amp;tg=http://www.santafetex.com/login.php,22,121,"['/ea', 'celnk', 'net/']",234,1378,9.927272727272728,110,71,0,0,0,0,0,0,0,0,0,,,,,,,
http://www.gkjx168.com/images/?http://us.battle.net/login/en/?ref=http://uqpzemuus.battle.net/d3/en/index&amp;app=com-d3,5,121,"['/www', 'gkjx168', 'com/']",321,4438,9.444162436548224,394,268,0,2,0,0,0,0,0,0,0,,,,,,,
http://www.gzqb.com.cn/Images/?http://us.battle.net/login/en/?ref=http://afwayjpus.battle.net/d3/en/index&amp;app=com-d3,2,121,"['/www', 'gzqb', 'com', 'cn/']",0,25,25.0,1,1,0,0,0,0,0,0,0,0,0,,,,,,,
http://www.itfindia.org/confirmation-account/c85652703f710065c1255aa03a9aefae/b4bc6a054f5b920dc273b55dd259afc5/login.php,39,121,"['/www', 'itfindia', 'org/']",4010,74634,16.595921450151057,3972,1533,33,75,0,0,0,0,0,0,0,,,,,,,
http://www.itfindia.org/confirmation-account/c85652703f710065c1255aa03a9aefae/c5bdefc31867f5916cc3d2935f559545/login.php,42,121,"['/www', 'itfindia', 'org/']",4010,74634,16.595921450151057,3972,1533,33,75,0,0,0,0,0,0,0,,,,,,,
http://www.itfindia.org/confirmation-account/c85652703f710065c1255aa03a9aefae/cbbca54fcbc1a3636065adc71373b0c2/login.php,38,121,"['/www', 'itfindia', 'org/']",4010,74634,16.595921450151057,3972,1533,33,75,0,0,0,0,0,0,0,,,,,,,
http://www.itfindia.org/confirmation-account/c85652703f710065c1255aa03a9aefae/fed65c93bcc26a7c2727b52e7ad57a9b/login.php,38,121,"['/www', 'itfindia', 'org/']",4010,74634,16.595921450151057,3972,1533,33,75,0,0,0,0,0,0,0,,,,,,,
http://www.shaxyl.com/js/?http://us.battle.net/login/en/?ref=http%3A%2F%2Fus.battle.net%2Fd3%2Fen%2Findex&amp;app=com-d3,8,121,"['/www', 'shaxyl', 'com/']",0,0,0,0,0,0,0,0,0,0,0,0,0,0,,,,,,,
http://www.betamass.com/js/libs/cgi-bin/ww3.update.de=session-ehg9fjxTcbz5rqa49759/paypai.de/cmd_login=fb3mpln82k4sjcq/,12,119,"['/www', 'betamass', 'com/']",40,13773,12.795180722891565,996,607,6,47,0,0,0,0,0,0,0,,,,,,,
http://www.szyft.cn/Inc/?https://us.battle.net/login/en/ref=http%3A%2F%2Fus.battle.net%2Fd3%2Fen%2Findex&amp;app=com-d3,8,120,"['/www', 'szyft', 'cn/']",25,855,6.513761467889908,109,42,0,0,0,0,0,0,0,0,0,,,,,,,
http://www.herbalmetrics.com/westpac/Login/?app=wol&amp;h3&amp;referrer=http://www.westpac.com.au/HomepageAlternative/,1,118,"['/www', 'herbalmetrics', 'com/']",0,461,16.76923076923077,26,24,0,0,0,0,0,0,0,0,0,,,,,,,
http://www.herbalmetrics.com/westpac/Login/?h3&amp;app=wol&amp;referrer=http://www.westpac.com.au/HomepageAlternative/,1,118,"['/www', 'herbalmetrics', 'com/']",0,461,16.76923076923077,26,24,0,0,0,0,0,0,0,0,0,,,,,,,
http://www.likepeanutbutterandjelly.com/wp-admin/maint/confirme-you-accuant-apple-en/0ddf30bb1abbbe7df8d3336c8cd1a21a/,14,118,"['/www', 'likepeanutbutterandjelly', 'com/']",101,4853,11.28125,384,254,2,10,0,0,0,0,0,0,0,,,,,,,
http://www.radarking.com.cn/images/?http://us.battle.net/login/en/?ref=http://us.battle.net/d3/en/index&amp;app=com-d3,2,119,"['/www', 'radarking', 'com', 'cn/']",137,2939,14.610169491525424,177,144,0,4,0,0,0,0,0,0,0,,,,,,,
http://www.sz-leteng.com/images/?http://us.battle.net/login/en/?ref=http://bopgkotus.battle.net/d3/en/index&app=com-d3,2,119,"['/www', 'sz-leteng', 'com/']",286,6150,10.907582938388625,422,102,0,9,0,0,0,0,0,0,0,,,,,,,
http://avonaco.cn/Img/?http://us.battle.net/login/en/?ref=http%3A%2F%2Fus.battle.net%2Fd3%2Fen%2Findex&amp;app=com-d3,8,118,"['/avonaco', 'cn/']",0,229,31.857142857142858,7,7,0,0,0,0,0,0,0,0,0,,,,,,,
http://getir.net/05ky#%20%280.007849624383792441761897862306796014308929443359375000000000%29?0.75942.0.62930.0.58543,87,118,"['/getir', 'net/']",78,4859,10.517587939698492,398,302,0,7,0,0,0,0,0,0,0,,,,,,,
http://shshide.com/js/?http://us.battle.net/login/en/?ref=http%3A%2F%2Fus.battle.net%2Fd3%2Fen%2Findex&amp;app=com-d3,8,118,"['/shshide', 'com/']",32,1068,10.604651162790697,86,67,0,1,0,0,0,0,0,0,0,,,,,,,
http://www.blauersee.cl/images/1/js/sitedomain=bill.aol.com&amp;authLev=S&amp;lang=en&amp;locale=us&amp;siteStat/loa/,1,117,"['/www', 'blauersee', 'cl/']",2,50,7.0,6,6,0,0,0,0,0,0,0,0,0,,,,,,,
http://www.paypal.com.nl.cgi.bin.webscr.cmd.login.processing.login.cmd.login-donelogin.access1018541.perfectsmile.ie/,7,117,"['/www', 'paypal', 'com', 'nl', 'cgi', 'bin', 'webscr', 'cmd', 'login', 'processing', 'login', 'cmd', 'login-donelogin', 'access1018541', 'perfectsmile', 'ie/']",1,163,31.6,5,5,0,0,0,0,0,0,0,0,0,,,,,,,
http://getir.net/05ky%20%280.007849624383792441761897862306796014308929443359375000000000%29?0.75942.0.62930.0.58543,87,117,"['/getir', 'net/']",78,4859,10.517587939698492,398,302,0,7,0,0,0,0,0,0,0,,,,,,,
http://heta.lunariffic.com/suspend.page/?bWVkaXJlaW0ubmV0uhsdsusu5485757kUJHNN546221oPLKj988777AOP784MTM0NjE2OTg1OA=,27,117,"['/heta', 'lunariffic', 'com/']",393,8896,11.828885400313972,637,360,3,48,0,0,0,0,0,0,0,,,,,,,
http://www.mmorenod.com/siwapp/plugins/sfFormExtraPlugin/lib/validator/doctrine/wells/www.wellsfargo.com/session.htm,0,117,"['/www', 'mmorenod', 'com/']",115,2249,17.956521739130434,115,86,0,0,0,0,0,0,0,0,0,,,,,,,
http://heta.lunariffic.com/suspend.page/?bWVkaXJlaW0ubmV0uhsdsusu5485757kUJHNN546221oPLKj988777AOP784MTM0NjE2OTk0Ng,27,116,"['/heta', 'lunariffic', 'com/']",393,8896,11.828885400313972,637,360,3,48,0,0,0,0,0,0,0,,,,,,,
http://www.cida-auto.com/images/?app=com-d3&amp;http://us.battle.net/login/en/?ref=http://us.battle.net/d3/en/index,2,116,"['/www', 'cida-auto', 'com/']",77,3770,14.204347826086957,230,131,0,9,0,0,0,0,0,0,0,,,,,,,
http://www.jinxiuyuanlin.com/js/?app=com-d3&amp;http://us.battle.net/login/en/?ref=http://us.battle.net/d3/en/index,2,116,"['/www', 'jinxiuyuanlin', 'com/']",40,13460,12.971904266389178,961,582,6,46,0,0,0,0,0,0,0,,,,,,,
http://www.jinxiuyuanlin.com/js/?http://us.battle.net/login/en/?ref=http://us.battle.net/d3/en/index&amp;app=com-d3,2,116,"['/www', 'jinxiuyuanlin', 'com/']",40,13460,12.971904266389178,961,582,6,46,0,0,0,0,0,0,0,,,,,,,
http://www.kun-su.com/images/?http://us.battle.net/login/en/?ref=http://emlynskus.battle.net/d3/en/index&app=com-d3,2,116,"['/www', 'kun-su', 'com/']",41,1840,11.175182481751825,137,110,0,1,0,0,0,0,0,0,0,,,,,,,
http://www.sz-leteng.com/images/?us.battle.net/login/en/?ref=http://bopgkotus.battle.net/d3/en/index&amp;app=com-d3,2,116,"['/www', 'sz-leteng', 'com/']",286,6150,10.907582938388625,422,102,0,9,0,0,0,0,0,0,0,,,,,,,
http://www.sz-leteng.com/images/?us.battle.net/login/en/?ref=http://cxgywstus.battle.net/d3/en/index&amp;app=com-d3,2,116,"['/www', 'sz-leteng', 'com/']",286,6150,10.907582938388625,422,102,0,9,0,0,0,0,0,0,0,,,,,,,
http://www.tuenkers.com.cn/images/index.htm?us.battle.net/login/en/?ref=http://us.battle.net/d3/en/index&app=com-d3,2,116,"['/www', 'tuenkers', 'com', 'cn/']",837,36531,14.92806603773585,1696,638,2,66,0,0,0,0,0,0,0,,,,,,,
http://beingnsync.com/pp/?cmd=_login-run&dispatch=5885d80a13c0db1f8e263663d3faee8db2b24f7b84f1819343fd6c338b1d9d60,40,115,"['/beingnsync', 'com/']",1213,6985,9.708955223880597,536,339,1,26,0,0,0,0,0,0,0,,,,,,,
http://www.chao-yue.net/images/?http://us.battle.net/login/en/?ref=http://us.battle.net/d3/en/index&amp;app=com-d3,2,115,"['/www', 'chao-yue', 'net/']",60,2446,11.554913294797688,173,113,0,3,0,0,0,0,0,0,0,,,,,,,
http://www.penizula.com/Room/nbproject/private/DPBOXEE/DPBOXE/abugfreemind/emadmust/mattcallen/DPBOXFO/dpbox/dpbx/,0,114,"['/www', 'penizula', 'com/']",40,15309,12.011925042589437,1174,690,6,52,0,0,0,0,0,0,0,,,,,,,
http://www.wzae.com.cn/js/?https:%2F%2Fus.battle.net%2Flogin%2Fen%2Fref=http:%2F%2Fus.battle.net%2Fd3%2Fen%2Findex,11,115,"['/www', 'wzae', 'com', 'cn/']",1,78,18.25,4,4,0,0,0,0,0,0,0,0,0,,,,,,,
http://www.zjxedu.com/Images/index.htm?us.battle.net/login/en/?ref=http://us.battle.net/d3/en/index&amp;app=com-d3,2,115,"['/www', 'zjxedu', 'com/']",0,0,0,0,0,0,0,0,0,0,0,0,0,0,,,,,,,
http://shannuodianqi.com/img/?http://us.battle.net/login/en/?ref=http://us.battle.net/d3/en/index&amp;app=com-d3,2,113,"['/shannuodianqi', 'com/']",41,1846,11.218978102189782,137,110,0,1,0,0,0,0,0,0,0,,,,,,,
http://shshide.com/js/?http:%2F%2Fus.battle.net%2Flogin%2Fen%2F%3Fref=http:%2F%2Fus.battle.net%2Fd3%2Fen%2Findex,12,113,"['/shshide', 'com/']",32,1068,10.604651162790697,86,67,0,1,0,0,0,0,0,0,0,,,,,,,
http://www.kf25zx.com/images/?us.battle.net/login/en/?ref=http://xcqdlhtus.battle.net/d3/en/index&amp;app=com-d3,4,113,"['/www', 'kf25zx', 'com/']",63,2333,15.178294573643411,129,102,0,0,0,0,0,0,0,0,0,,,,,,,
http://www.smxszz.com/images/?http://us.battle.net/login/en/?ref=http://us.battle.net/d3/en/index&amp;app=com-d3,2,113,"['/www', 'smxszz', 'com/']",25,855,6.513761467889908,109,42,0,0,0,0,0,0,0,0,0,,,,,,,
http://sklep.tychy24.pl/images/eggoez/tmp/www.paypal.fr/online/information/update/Service/www.paypal.fr/compte/,2,111,"['/sklep', 'tychy24', 'pl/']",15,370,12.407407407407407,27,25,0,0,0,0,0,0,0,0,0,,,,,,,
http://subsaharanadventure.com/originalimages/smallimage/menu/www1.sigmin-ao1-membre/a0l-sngin-verifiaction.php,3,112,"['/subsaharanadventure', 'com/']",259,9201,15.184842883548983,541,360,0,8,0,0,0,0,0,0,0,,,,,,,
http://www.118bm.com/images/?app=com-d3&amp;us.battle.net/login/en/?ref=http://bmtlzkhus.battle.net/d3/en/index,5,112,"['/www', '118bm', 'com/']",141,5223,11.714285714285714,336,197,1,9,0,0,0,0,0,0,0,,,,,,,
http://www.118bm.com/images/?us.battle.net/login/en/?ref=http://bmtlzkhus.battle.net/d3/en/index&amp;app=com-d3,5,112,"['/www', '118bm', 'com/']",141,5223,11.714285714285714,336,197,1,9,0,0,0,0,0,0,0,,,,,,,
http://www.cida-auto.com/images/?http://us.battle.net/login/en/?ref=http://us.battle.net/d3/en/index&app=com-d3,2,112,"['/www', 'cida-auto', 'com/']",77,3770,14.204347826086957,230,131,0,9,0,0,0,0,0,0,0,,,,,,,
http://www.gswzmb.com/down/js/?http:/us.battle.net/login/en/?ref=http:/us.battle.net/d3/en/index&amp;app=com-d3,2,112,"['/www', 'gswzmb', 'com/']",26,859,6.5625,112,45,0,0,0,0,0,0,0,0,0,,,,,,,
http://www.jinxiuyuanlin.com/js/?app=com-d3&http://us.battle.net/login/en/?ref=http://us.battle.net/d3/en/index,2,112,"['/www', 'jinxiuyuanlin', 'com/']",40,13545,12.958677685950413,968,589,6,46,0,0,0,0,0,0,0,,,,,,,
http://www.sanatanayurveda.com/img/www.apple.com/1f1b61bcd6d63c975617b121723ee4a7/WebObjects/iTunesConnect.html,21,112,"['/www', 'sanatanayurveda', 'com/']",0,465,16.923076923076923,26,24,0,0,0,0,0,0,0,0,0,,,,,,,
http://www.sz-leteng.com/images/?us.battle.net/login/en/?ref=http://bopgkotus.battle.net/d3/en/index&app=com-d3,2,112,"['/www', 'sz-leteng', 'com/']",286,6150,10.907582938388625,422,102,0,9,0,0,0,0,0,0,0,,,,,,,
http://www.zjgfw.org/images/?http://us.battle.net/login/en/?ref=http://us.battle.net/d3/en/index&amp;app=com-d3,2,112,"['/www', 'zjgfw', 'org/']",26,831,6.513761467889908,109,42,0,0,0,0,0,0,0,0,0,,,,,,,
http://www.czmdzx.cn/Img/index.htm?app=com-d3&amp;us.battle.net/login/en/?ref=http://us.battle.net/d3/en/index,2,111,"['/www', 'czmdzx', 'cn/']",369,24577,12.687464549064096,1763,383,1,29,0,0,0,0,0,0,0,,,,,,,
http://www.psychic-delia.com/wp-content/online.vodafone.co.uk/logon/www.vodafone.com/voda.online/vodafone.html,0,111,"['/www', 'psychic-delia', 'com/']",41,4028,37.371428571428574,105,96,0,4,0,0,0,0,0,0,0,,,,,,,
http://www.topebike.com/blog/wp-content/plugins/wordpress-23-related-posts-plugin/zemanta/img/national.com.au/,2,110,"['/www', 'topebike', 'com/']",40,14333,12.992172211350294,1022,619,6,50,0,0,0,0,0,0,0,,,,,,,
http://www.zjxedu.com/Images/index.htm?us.battle.net/login/en/?ref=http://us.battle.net/d3/en/index&app=com-d3,2,111,"['/www', 'zjxedu', 'com/']",0,0,0,0,0,0,0,0,0,0,0,0,0,0,,,,,,,
http://www.andboog.com/js/?http://us.battle.net/login/en/?ref=http://us.battle.net/d3/en/index&amp;app=com-d3,2,110,"['/www', 'andboog', 'com/']",0,167,32.6,5,5,0,0,0,0,0,0,0,0,0,,,,,,,
http://www.xsxzjzx.com/images/?dest&amp;secure.runescape.com/m=weblogin/loginform.ws?mod=www&amp;ulxhiabssl=0,1,110,"['/www', 'xsxzjzx', 'com/']",26,832,16.82608695652174,46,45,0,0,0,0,0,0,0,0,0,,,,,,,
http://www.xsxzjzx.com/images/?dest&amp;ulxhiabssl=0&amp;secure.runescape.com/m=weblogin/loginform.ws?mod=www,1,110,"['/www', 'xsxzjzx', 'com/']",26,832,16.82608695652174,46,45,0,0,0,0,0,0,0,0,0,,,,,,,
http://akfjsh.com/images/?http://us.battle.net/login/en/?ref=http://us.battle.net/d3/en/index&amp;app=com-d3,2,109,"['/akfjsh', 'com/']",0,0,0,0,0,0,0,0,0,0,0,0,0,0,,,,,,,
http://everydaychefchallenge.com/wp-content/themes/everydaychild/images/uploads/opusnet/admin/doc/downloads/,0,108,"['/everydaychefchallenge', 'com/']",1020,41295,15.021310181531176,2534,1331,12,123,0,0,0,0,0,0,0,,,,,,,
http://ihr-einkauf.com/ie_bilder/files/files/it/login/paypal/webscr/account/sicurezza/titolari/it/paypal.it/,0,108,"['/ihr-einkauf', 'com/']",156,5880,8.002347417840376,426,271,1,8,0,0,0,0,0,0,0,,,,,,,
http://www.118bm.com/images/?us.battle.net/login/en/?ref=bmtlzkhus.battle.net/d3/en/index&amp;amp;app=com-d3,5,109,"['/www', '118bm', 'com/']",141,5223,11.714285714285714,336,197,1,9,0,0,0,0,0,0,0,,,,,,,
http://www.jinxiuyuanlin.com/js/?us.battle.net/login/en/?ref=http://us.battle.net/d3/en/index&amp;app=com-d3,2,109,"['/www', 'jinxiuyuanlin', 'com/']",40,13545,12.958677685950413,968,589,6,46,0,0,0,0,0,0,0,,,,,,,
http://www.rewardszoneusa.com/?Flow=D4EF0A81-9EAC-F267-68AD-F444C1819DEDC5CDDD40&isPrePop=true&subaff=251633,26,109,"['/www', 'rewardszoneusa', 'com/']",7,14070,43.99038461538461,312,264,0,32,0,0,0,0,0,0,2,,,,,,,
http://www.shaxyl.com/js/?http://us.battle.net/login/en/?ref=http://us.battle.net/d3/en/index&amp;app=com-d3,2,109,"['/www', 'shaxyl', 'com/']",0,0,0,0,0,0,0,0,0,0,0,0,0,0,,,,,,,
http://www.sotsm.com/plugins/acesso/Resgate_de_pontos_expirados/premiado/imagens/emdobro/zn/seguranca.do.php,0,109,"['/www', 'sotsm', 'com/']",15,2476,18.0625,128,99,2,14,0,0,0,0,0,0,0,,,,,,,
http://www.sz-leteng.com/images/?us.battle.net/login/en/?ref=bopgkotus.battle.net/d3/en/index&amp;app=com-d3,2,109,"['/www', 'sz-leteng', 'com/']",286,6150,10.907582938388625,422,102,0,9,0,0,0,0,0,0,0,,,,,,,
http://www.sz-leteng.com/images/?us.battle.net/login/en/?ref=cxgywstus.battle.net/d3/en/index&amp;app=com-d3,2,109,"['/www', 'sz-leteng', 'com/']",286,6150,10.907582938388625,422,102,0,9,0,0,0,0,0,0,0,,,,,,,
http://www.tuenkers.com.cn/images/index.htm?us.battle.net/login/en/?ref=us.battle.net/d3/en/index&app=com-d3,2,109,"['/www', 'tuenkers', 'com', 'cn/']",837,36531,14.92806603773585,1696,638,2,66,0,0,0,0,0,0,0,,,,,,,
http://bit.ly/X0QmNx?2007.Subaru.Impreza.WRX/130520232733pt=US_Cars_&_Tracks=item1e639cb31d#ht_46108wt_1140,32,108,"['/bit', 'ly/']",236,6980,8.900568181818182,704,384,1,6,0,0,0,0,0,0,0,,,,,,,
https://spreadsheets.google.com/spreadsheet/formResponse?formkey=dG14MjdvcEF6QzQzSVFUcXFFdlpZcGc6MQ&amp;ifq,4,108,"['/spreadsheets', 'google', 'com/']",136,96371,32.77672625306695,2853,1586,5,12,0,0,0,0,0,0,0,,,,,,,
http://www.zjxedu.com/Images/index.htm?us.battle.net/login/en/?ref=us.battle.net/d3/en/index&amp;app=com-d3,2,108,"['/www', 'zjxedu', 'com/']",0,0,0,0,0,0,0,0,0,0,0,0,0,0,,,,,,,
http://www.jjscdc.cn/adfile/login.html?http://us.battle.net/login/en/?ref=http://us.battle.net/d3/en/index,1,107,"['/www', 'jjscdc', 'cn/']",320,4422,9.408629441624365,394,268,0,2,0,0,0,0,0,0,0,,,,,,,
http://avonaco.cn/Img/?http://us.battle.net/login/en/?ref=http://us.battle.net/d3/en/index&amp;app=com-d3,2,106,"['/avonaco', 'cn/']",0,229,31.857142857142858,7,7,0,0,0,0,0,0,0,0,0,,,,,,,
http://bit.ly/R1Y0kU?2000.Ford.F250.Lariat/130520232733pt=US_Cars_&_Tracks=item1e639cb31d#ht_46108wt_1140,36,106,"['/bit', 'ly/']",236,6962,8.875,704,384,1,6,0,0,0,0,0,0,0,,,,,,,
http://gdxjabh.com/js/?http://us.battle.net/login/en/?ref=http://us.battle.net/d3/en/index&amp;app=com-d3,2,106,"['/gdxjabh', 'com/']",5,148,16.75,8,8,0,0,0,0,0,0,0,0,0,,,,,,,
http://hindumandal.org/?cmd=_home&amp;dispatch=5885d80a13c0db1f8e&amp;ee=2acb256db30581dcae0f16264184a4da,30,106,"['/hindumandal', 'org/']",8,97,7.083333333333333,12,12,0,0,0,0,0,0,0,0,0,,,,,,,
http://shannuodianqi.com/img/?us.battle.net/login/en/?ref=http://us.battle.net/d3/en/index&amp;app=com-d3,2,106,"['/shannuodianqi', 'com/']",41,1833,11.124087591240876,137,110,0,1,0,0,0,0,0,0,0,,,,,,,
http://shshide.com/js/?http://us.battle.net/login/en/?ref=http://us.battle.net/d3/en/index&amp;app=com-d3,2,106,"['/shshide', 'com/']",32,1068,10.604651162790697,86,67,0,1,0,0,0,0,0,0,0,,,,,,,
http://www.mmorenod.com/siwapp/plugins/sfFormExtraPlugin/lib/validator/doctrine/wells/www.wellsfargo.com/,0,105,"['/www', 'mmorenod', 'com/']",115,2249,17.956521739130434,115,86,0,0,0,0,0,0,0,0,0,,,,,,,
http://www.nepalchristianguesthouse.com/~real700p/support.update.your.information.account/signup/account/,3,105,"['/www', 'nepalchristianguesthouse', 'com/']",10,272,7.451612903225806,31,29,0,0,0,0,0,0,0,0,0,,,,,,,
http://www.smxszz.com/images/?us.battle.net/login/en/?ref=http://us.battle.net/d3/en/index&amp;app=com-d3,2,106,"['/www', 'smxszz', 'com/']",25,855,6.513761467889908,109,42,0,0,0,0,0,0,0,0,0,,,,,,,
http://akfjsh.com/images/?http://us.battle.net/login/en/?ref=http://us.battle.net/d3/en/index&app=com-d3,2,105,"['/akfjsh', 'com/']",0,0,0,0,0,0,0,0,0,0,0,0,0,0,,,,,,,
http://dittberner.com/images/topbargreenish/421492158329583159124812052831952385/2093129540219523509235/,58,104,"['/dittberner', 'com/']",32,1609,10.131944444444445,144,119,0,1,0,0,0,0,0,0,0,,,,,,,
http://www.118bm.com/images/?us.battle.net/login/en/?ref=bmtlzkhus.battle.net/d3/en/index&amp;app=com-d3,5,105,"['/www', '118bm', 'com/']",141,5223,11.714285714285714,336,197,1,9,0,0,0,0,0,0,0,,,,,,,
http://www.dawisonpinheiro.com.br/wp-content/themes/chrometweaks/PSD/fiche/dermbours/urg/information.php,0,105,"['/www', 'dawisonpinheiro', 'com', 'br/']",94,1607,10.682926829268293,123,98,2,3,0,0,0,0,0,0,0,,,,,,,
http://www.mmorenod.com/siwapp/plugins/sfFormExtraPlugin/lib/validator/doctrine/wells/www.wellsfargo.com,0,105,"['/www', 'mmorenod', 'com/']",115,2249,17.956521739130434,115,86,0,0,0,0,0,0,0,0,0,,,,,,,
http://www.sanderparn.com/language/overrides/H/EC/cgibin/confirm12/processing/cmd=/secc/index/webscr.php,2,105,"['/www', 'sanderparn', 'com/']",10,272,7.451612903225806,31,29,0,0,0,0,0,0,0,0,0,,,,,,,
http://www.sz-leteng.com/images/?us.battle.net/login/en/?ref=bopgkotus.battle.net/d3/en/index&app=com-d3,2,105,"['/www', 'sz-leteng', 'com/']",286,6150,10.907582938388625,422,102,0,9,0,0,0,0,0,0,0,,,,,,,
http://userpages05.mailer-service.de/userpages/12127/contact.php?&amp;r=3626205526704472&amp;lid=205267,29,104,"['/userpages05', 'mailer-service', 'de/']",0,0,0,0,0,0,0,0,0,0,0,0,0,0,,,,,,,
http://www.andboog.com/js/?http:/us.battle.net/login/en/?ref=http:/us.battle.net/d3/en/index&app=com-d3,2,104,"['/www', 'andboog', 'com/']",0,167,32.6,5,5,0,0,0,0,0,0,0,0,0,,,,,,,
http://www.chao-yue.net/images/?us.battle.net/login/en/?ref=http://us.battle.net/d3/en/index&app=com-d3,2,104,"['/www', 'chao-yue', 'net/']",60,2446,11.554913294797688,173,113,0,3,0,0,0,0,0,0,0,,,,,,,
http://www.czmdzx.cn/Img/index.htm?us.battle.net/login/en/?ref=us.battle.net/d3/en/index&amp;app=com-d3,2,104,"['/www', 'czmdzx', 'cn/']",369,24577,12.687464549064096,1763,383,1,29,0,0,0,0,0,0,0,,,,,,,
http://www.shared.com.br/images/M_images/img/thumbs/?387465983274598346958793475945879?/Novidades_Cielo,33,104,"['/www', 'shared', 'com', 'br/']",188,8076,15.650759219088938,461,304,0,7,0,0,0,0,0,0,0,,,,,,,
http://www.zjxedu.com/Images/index.htm?us.battle.net/login/en/?ref=us.battle.net/d3/en/index&app=com-d3,2,104,"['/www', 'zjxedu', 'com/']",0,0,0,0,0,0,0,0,0,0,0,0,0,0,,,,,,,
http://64835108.net/images/?us.battle.net/login/en/ref=us.battle.net/d3/en/index&amp;srokkdaapp=com-d3,10,103,"['/64835108', 'net/']",137,2939,14.610169491525424,177,144,0,4,0,0,0,0,0,0,0,,,,,,,
http://www.sieben-und-achtzig.de/wp-content/plugins/wptouch/themes/default/paypal.dk/?/guest/index.php,0,103,"['/www', 'sieben-und-achtzig', 'de/']",221,9075,15.020676691729323,532,354,0,8,0,0,0,0,0,0,0,,,,,,,
http://yesling.com/js/?https://secure.runescape.com/m=weblogin/loginform.ws?mod=www&amp;ssl=0&amp;dest,1,103,"['/yesling', 'com/']",26,940,9.604651162790697,86,67,0,0,0,0,0,0,0,0,0,,,,,,,
http://akfjsh.com/images/?app=com-d3&amp;us.battle.net/login/en/?ref=http://us.battle.net/d3/en/index,2,102,"['/akfjsh', 'com/']",0,0,0,0,0,0,0,0,0,0,0,0,0,0,,,,,,,
http://akfjsh.com/images/?us.battle.net/login/en/?ref=http://us.battle.net/d3/en/index&amp;app=com-d3,2,102,"['/akfjsh', 'com/']",0,0,0,0,0,0,0,0,0,0,0,0,0,0,,,,,,,
http://superpromocao.net78.net/explosaodepremiosonline/master/Visa/90%20dias/explosaodepremiosonline/,6,101,"['/superpromocao', 'net78', 'net/']",838,51488,16.6573402417962,2895,1123,47,225,0,0,0,0,0,0,0,,,,,,,
http://www.bright-shield.com/wp-content/plugins/woocommerce/includes/libraries/wealthmanager/tt/best/,0,101,"['/www', 'bright-shield', 'com/']",40,14601,11.678851174934726,1149,679,6,46,0,0,0,0,0,0,0,,,,,,,
http://www.gswzmb.com/down/js/?http:/us.battle.net/login/en/?ref=http:/us.battle.net/d3/en/index&amp;,1,102,"['/www', 'gswzmb', 'com/']",26,859,6.5625,112,45,0,0,0,0,0,0,0,0,0,,,,,,,
http://www.jinxiuyuanlin.com/js/?app=com-d3&amp;us.battle.net/login/en/?ref=us.battle.net/d3/en/index,2,102,"['/www', 'jinxiuyuanlin', 'com/']",40,13545,12.958677685950413,968,589,6,46,0,0,0,0,0,0,0,,,,,,,
http://www.jinxiuyuanlin.com/js/?us.battle.net/login/en/?ref=us.battle.net/d3/en/index&amp;app=com-d3,2,102,"['/www', 'jinxiuyuanlin', 'com/']",40,13545,12.958677685950413,968,589,6,46,0,0,0,0,0,0,0,,,,,,,
http://www.trezzle.com/wp-includes/js/tinymce/themes/advanced/css/signingin.php?screenid=signon&amp;;,0,102,"['/www', 'trezzle', 'com/']",19,367,10.612903225806452,31,28,0,1,0,0,0,0,0,0,0,,,,,,,
http://angyalfoldibaptista.joomlaportal.hu/images/banners/01/yahoo/connect_msql_database_account.php,2,101,"['/angyalfoldibaptista', 'joomlaportal', 'hu/']",232,11247,12.411400247831475,807,468,6,19,0,0,0,0,0,0,0,,,,,,,
http://www.onejade.com/img/?amp;app=com-d3&amp;us.battle.net/login/en/?ref=us.battle.net/d3/en/index,2,101,"['/www', 'onejade', 'com/']",40,15650,12.257215619694398,1178,692,6,54,0,0,0,0,0,0,0,,,,,,,
http://www.paypal.com.it.webscr.logq.vdns.pl/?cmd=_run-check-cookie-submit&redirectCmd=_login-submit,0,101,"['/www', 'paypal', 'com', 'it', 'webscr', 'logq', 'vdns', 'pl/']",208,4708,11.53501400560224,357,232,0,11,0,0,0,0,0,0,0,,,,,,,
http://www.sunrisechiropractic.org/~real700p/support.update.your.information.account/signup/account/,3,100,"['/www', 'sunrisechiropractic', 'org/']",6,210,19.5,10,10,0,0,0,0,0,0,0,0,0,,,,,,,
http://t.womenwan.com/game/images/tlcs/147-onepw/index.swf?act=http://www.yaowan.com/webads_reg.php,3,100,"['/t', 'womenwan', 'com/']",7,828,25.677419354838708,31,31,0,0,0,0,0,0,0,0,0,,,,,,,
http://www.czmdzx.cn/Img/index.htm?us.battle.net/login/en/?ref=us.battle.net/d3/en/index&app=com-d3,2,100,"['/www', 'czmdzx', 'cn/']",369,24577,12.687464549064096,1763,383,1,29,0,0,0,0,0,0,0,,,,,,,
http://www.gswzmb.com/down/js/?us.battle.net/login/en/?ref=us.battle.net/d3/en/index&amp;app=com-d3,2,100,"['/www', 'gswzmb', 'com/']",26,859,6.5625,112,45,0,0,0,0,0,0,0,0,0,,,,,,,
http://gdxjabh.com/js/?us.battle.net/login/en/?ref=http://us.battle.net/d3/en/index&amp;app=com-d3,2,99,"['/gdxjabh', 'com/']",5,148,16.75,8,8,0,0,0,0,0,0,0,0,0,,,,,,,
http://oursooncomingkingwebstartscom.webstarts.com/login.htm?for=revelations_page.html&amp;error=1,1,99,"['/oursooncomingkingwebstartscom', 'webstarts', 'com/']",1130,13230,9.462478184991275,1146,518,1,10,0,0,0,0,0,0,0,,,,,,,
http://shannuodianqi.com/img/?us.battle.net/login/en/?ref=us.battle.net/d3/en/index&amp;app=com-d3,2,99,"['/shannuodianqi', 'com/']",41,1820,11.02919708029197,137,110,0,1,0,0,0,0,0,0,0,,,,,,,
http://tibla.com.eu.interia.pl/community%20guilds&amp;pageGuildName=Metal+Heroes+of+Nrana.html?a=1,3,99,"['/tibla', 'com', 'eu', 'interia', 'pl/']",2186,238833,16.92264944427756,13316,5406,39,506,0,0,0,0,0,0,0,,,,,,,
http://www.akfjsh.com/images/?app=com-d3&amp;us.battle.net/login/en/?ref=us.battle.net/d3/en/index,2,99,"['/www', 'akfjsh', 'com/']",0,0,0,0,0,0,0,0,0,0,0,0,0,0,,,,,,,
http://www.czmdzx.cn/img/index.htm?app=com-d3us.battle.net/login/en/?ref=us.battle.net/d3/en/index,2,99,"['/www', 'czmdzx', 'cn/']",369,24577,12.687464549064096,1763,383,1,29,0,0,0,0,0,0,0,,,,,,,
http://www.gswzmb.com/down/js/?http://us.battle.net/login/en/?ref=http://us.battle.net/d3/en/index,1,99,"['/www', 'gswzmb', 'com/']",26,859,6.5625,112,45,0,0,0,0,0,0,0,0,0,,,,,,,
http://www.swiat.pl/media/system/www.nets.eu/dk-da/Pages/3868da82e53d16890fd80fa818ca38c1/info.htm,21,99,"['/www', 'swiat', 'pl/']",260,8703,14.564150943396227,530,355,0,8,0,0,0,0,0,0,0,,,,,,,
http://www.wellkomputindo.com/wp-content/setting-up/serverenabaleing/Yahoo!AccountVerification.htm,0,99,"['/www', 'wellkomputindo', 'com/']",3506,60137,14.883792048929664,3597,1547,17,87,0,0,0,0,0,0,0,,,,,,,
http://akfjsh.com/images/?us.battle.net/login/en/?ref=http://us.battle.net/d3/en/index&app=com-d3,2,98,"['/akfjsh', 'com/']",0,0,0,0,0,0,0,0,0,0,0,0,0,0,,,,,,,
http://hindumandal.org/?cmd=_home&dispatch=5885d80a13c0db1f8e&ee=2acb256db30581dcae0f16264184a4da,30,98,"['/hindumandal', 'org/']",8,97,7.083333333333333,12,12,0,0,0,0,0,0,0,0,0,,,,,,,
http://www.chao-yue.net/images/?us.battle.net/login/en/?ref=us.battle.net/d3/en/index&app=com-d3,2,97,"['/www', 'chao-yue', 'net/']",60,2446,11.554913294797688,173,113,0,3,0,0,0,0,0,0,0,,,,,,,
http://cast-solutions.com/www.paypal.fr/verification/ce8f487478b30128631e61a0b7555675/login.php,25,96,"['/cast-solutions', 'com/']",0,3980,14.328185328185327,259,192,0,9,0,0,0,0,0,0,0,,,,,,,
http://dextme.com/.www.cdn.aol.com/dc.aol.com/cgi-bin25/DM/t/j5Wo0B7XJ2c0Rwf0TOu0Eb/update.html,9,96,"['/dextme', 'com/']",10,272,7.451612903225806,31,29,0,0,0,0,0,0,0,0,0,,,,,,,
http://tempremios.bigteo.net/PROMOCAO/CADASTRO/CLIENTES/REGISTRO/CIELOBRASIL/ADMINISTRACAO/CDL/,0,95,"['/tempremios', 'bigteo', 'net/']",0,51,16.333333333333332,3,3,0,0,0,0,0,0,0,0,0,,,,,,,
http://tibla.com.eu.interia.pl/community%20guilds&amp;pageGuildName=Metal+Heroes+of+Nrana.html?,2,96,"['/tibla', 'com', 'eu', 'interia', 'pl/']",2187,238714,16.920441739914356,13311,5405,39,506,0,0,0,0,0,0,0,,,,,,,
http://www.czmdzx.cn/Img/index.htm?us.battle.net/login/en/?ref=http://us.battle.net/d3/en/index,1,96,"['/www', 'czmdzx', 'cn/']",369,24577,12.687464549064096,1763,383,1,29,0,0,0,0,0,0,0,,,,,,,
http://www.luquanlvshi.net/js/index.htm?ref=http%3A%2F%2Fcoabrpgus.battle.net%2Fd3%2Fen%2Findex,7,96,"['/www', 'luquanlvshi', 'net/']",18,795,16.2,45,40,1,1,0,0,0,0,0,0,0,,,,,,,
http://akfjsh.com/images/?app=com-d3&amp;us.battle.net/login/en/?ref=us.battle.net/d3/en/index,2,95,"['/akfjsh', 'com/']",0,0,0,0,0,0,0,0,0,0,0,0,0,0,,,,,,,
http://akfjsh.com/images/?us.battle.net/login/en/?ref=us.battle.net/d3/en/index&amp;app=com-d3,2,95,"['/akfjsh', 'com/']",0,0,0,0,0,0,0,0,0,0,0,0,0,0,,,,,,,
http://avonaco.cn/Img/?app=com-d3&us.battle.net/login/en/?ref=http/::us.battle.net:d3:en:index,2,95,"['/avonaco', 'cn/']",0,229,31.857142857142858,7,7,0,0,0,0,0,0,0,0,0,,,,,,,
http://gdxjabh.com/js/?app=com-d3&us.battle.net/login/en/?ref=http://us.battle.net/d3/en/index,2,95,"['/gdxjabh', 'com/']",5,148,16.75,8,8,0,0,0,0,0,0,0,0,0,,,,,,,
http://tibla.com.eu.interia.pl/community%20guilds&amp;pageGuildName=Metal+Heroes+of+Nrana.html,2,95,"['/tibla', 'com', 'eu', 'interia', 'pl/']",2185,239211,16.93621970435957,13327,5440,39,506,0,0,0,0,0,0,0,,,,,,,
http://www.andboog.com/js/?http://us.battle.net/login/en/?ref=http://us.battle.net/d3/en/index,1,95,"['/www', 'andboog', 'com/']",0,167,32.6,5,5,0,0,0,0,0,0,0,0,0,,,,,,,
http://www.smxszz.com/images/?us.battle.net/login/en/?ref=us.battle.net/d3/en/index&app=com-d3,2,95,"['/www', 'smxszz', 'com/']",25,855,6.513761467889908,109,42,0,0,0,0,0,0,0,0,0,,,,,,,
http://www.zjgfw.org/images/?http:/us.battle.net/login/en/?ref=http:/us.battle.net/d3/en/index,1,95,"['/www', 'zjgfw', 'org/']",26,831,6.513761467889908,109,42,0,0,0,0,0,0,0,0,0,,,,,,,
http://gdxjabh.com/js/?us.battle.net/login/en/?ref=http://us.battle.net/d3/en/indexapp=com-d3,2,94,"['/gdxjabh', 'com/']",5,148,16.75,8,8,0,0,0,0,0,0,0,0,0,,,,,,,
http://userpages05.mailer-service.de/userpages/12127/contact.php?r=3626205526704472lid=205267,29,94,"['/userpages05', 'mailer-service', 'de/']",0,0,0,0,0,0,0,0,0,0,0,0,0,0,,,,,,,
http://www.akfjsh.com/images/?app=com-d3us.battle.net/login/en/?ref=us.battle.net/d3/en/index,2,94,"['/www', 'akfjsh', 'com/']",0,0,0,0,0,0,0,0,0,0,0,0,0,0,,,,,,,
http://www.andboog.com/js/?http:/us.battle.net/login/en/?ref=http:/us.battle.net/d3/en/index&,1,94,"['/www', 'andboog', 'com/']",0,167,32.6,5,5,0,0,0,0,0,0,0,0,0,,,,,,,
http://www.jewinthecity.com/wp-content/themes/magazine/long/7df070456b4b56fe6a1328b491f30056/,23,93,"['/www', 'jewinthecity', 'com/']",1144,114255,13.522403258655805,7856,3037,50,188,0,0,0,0,0,0,0,,,,,,,
http://www.oslaindia.com/isupplygraphics.com/wp-content/upgrade/homezone/homezone/default.php,0,94,"['/www', 'oslaindia', 'com/']",10,272,7.451612903225806,31,29,0,0,0,0,0,0,0,0,0,,,,,,,
http://www.viapar.com.br/js/cssadmin9/safe.ssl.confirm.onlinebankingofamerica.com/index2.html,2,94,"['/www', 'viapar', 'com', 'br/']",3623,32469,12.372315035799522,2095,1024,25,90,0,0,0,0,0,0,0,,,,,,,
http://dichvudaugia.com/home/thongbaobdg/cgi-bin/www.bankline.itau.com.br/?223449/888959.php,12,93,"['/dichvudaugia', 'com/']",455,36199,15.10916179337232,2052,779,18,112,0,0,0,0,0,0,0,,,,,,,
http://morganselec.com/old_aol.1.3country/?Login=3D&amp;Lis=10&amp;LigertID=1993745&amp;us=1,13,93,"['/morganselec', 'com/']",0,457,16.615384615384617,26,24,0,0,0,0,0,0,0,0,0,,,,,,,
http://www.sotsm.com/plugins/acesso/Resgate_de_pontos_expirados/premiado/imagens/emdobro/zn/,0,92,"['/www', 'sotsm', 'com/']",15,2476,18.0625,128,99,2,14,0,0,0,0,0,0,0,,,,,,,
http://www.wearwet.com/wp-admin/PayPPal/mpp/mpp/update/new/28bef4ba7ad03c10984c56e5acb74407/,19,92,"['/www', 'wearwet', 'com/']",40,13927,13.54869109947644,955,582,6,51,0,0,0,0,0,0,0,,,,,,,
http://www.wearwet.com/wp-admin/PayPPal/mpp/mpp/update/new/398a64699139c7d469f2af77f8d9fc97/,22,92,"['/www', 'wearwet', 'com/']",40,13927,13.54869109947644,955,582,6,51,0,0,0,0,0,0,0,,,,,,,
http://www.wearwet.com/wp-admin/PayPPal/mpp/mpp/update/new/7f52378534dd207301457cd1060c2228/,26,92,"['/www', 'wearwet', 'com/']",40,13927,13.54869109947644,955,582,6,51,0,0,0,0,0,0,0,,,,,,,
http://www.wearwet.com/wp-admin/PayPPal/mpp/mpp/update/new/a3220aced66cc3b65ae9c58ed4a4046c/,17,92,"['/www', 'wearwet', 'com/']",40,13927,13.54869109947644,955,582,6,51,0,0,0,0,0,0,0,,,,,,,
http://gdxjabh.com/js/?us.battle.net/login/en/?ref=us.battle.net/d3/en/index&amp;app=com-d3,2,92,"['/gdxjabh', 'com/']",5,148,16.75,8,8,0,0,0,0,0,0,0,0,0,,,,,,,
http://www.gswzmb.com/down/js/?us.battle.net/login/en/?ref=http://us.battle.net/d3/en/index,1,92,"['/www', 'gswzmb', 'com/']",26,859,6.5625,112,45,0,0,0,0,0,0,0,0,0,,,,,,,
http://www.resolution.center-76t9u0opmo8-jjoa1-9128317-ggq97zk821876t9u0opm.e-deprived.com/,23,91,"['/www', 'resolution', 'center-76t9u0opmo8-jjoa1-9128317-ggq97zk821876t9u0opm', 'e-deprived', 'com/']",0,800,18.536585365853657,41,39,1,2,0,0,0,0,0,0,0,,,,,,,
http://service.runescape.com.forumlogin.ws/m=forum/forums.ws%3f124=147&amp;126=8712452534/,20,90,"['/service', 'runescape', 'com', 'forumlogin', 'ws/']",16,475,13.6875,32,31,0,1,0,0,0,0,0,0,0,,,,,,,
http://www.honeycutegirlx.iamspace.com/film/to.htm?c=http://www.megaupload.com/?d=TGHGA51E,2,91,"['/www', 'honeycutegirlx', 'iamspace', 'com/']",0,144,71.5,2,2,0,0,0,0,0,0,0,0,0,,,,,,,
http://www.kshitij.in/images/theme/team/1/php/53506d956ccb50fb7fa54444669dacbf/mpp/update/,20,90,"['/www', 'kshitij', 'in/']",0,461,16.76923076923077,26,24,0,0,0,0,0,0,0,0,0,,,,,,,
http://www.kshitij.in/images/theme/team/1/php/8a7cee80597641dd8ec5b6e6eb09332c/mpp/update/,20,90,"['/www', 'kshitij', 'in/']",0,461,16.76923076923077,26,24,0,0,0,0,0,0,0,0,0,,,,,,,
http://shshide.com/js/?http:/us.battle.net/login/en/?ref=http:/us.battle.net/d3/en/index&,1,90,"['/shshide', 'com/']",32,1068,10.604651162790697,86,67,0,1,0,0,0,0,0,0,0,,,,,,,
http://www.beautynao.iamspace.com/Erotic/JAV.htm?to=http://www.megaupload.com/?d=AL8KN41S,3,90,"['/www', 'beautynao', 'iamspace', 'com/']",0,134,66.5,2,2,0,0,0,0,0,0,0,0,0,,,,,,,
http://www.pizzerie-italia.it/modules/mod_avreloaded/tmpl/login.alibaba.com/login.jsp.php,0,90,"['/www', 'pizzerie-italia', 'it/']",6,210,19.5,10,10,0,0,0,0,0,0,0,0,0,,,,,,,
http://www.yukiasada.iamspace.com/grilcute/to.htm?c=http://www.megaupload.com/?d=XBAABTZ2,1,90,"['/www', 'yukiasada', 'iamspace', 'com/']",0,134,66.5,2,2,0,0,0,0,0,0,0,0,0,,,,,,,
http://www.bsyfsl.com/images/?http:%2F%2Fwww.runescape.com%2Fm=weblogin%2Floginform.html,4,89,"['/www', 'bsyfsl', 'com/']",497,117167,23.057875155022735,4838,687,0,487,0,0,0,0,0,0,0,,,,,,,
http://www.individualtraining.it/components/com_content/models/Sikker%20nettbetaling.htm,2,89,"['/www', 'individualtraining', 'it/']",225,8772,14.909090909090908,517,342,0,8,0,0,0,0,0,0,0,,,,,,,
http://www.sanderparn.com/language/overrides/H/EC/cgibin/confirm12/processing/cmd=/secc/,2,88,"['/www', 'sanderparn', 'com/']",10,272,7.451612903225806,31,29,0,0,0,0,0,0,0,0,0,,,,,,,
http://apspedrocharry.com/plugins/content/usecure/paypal.co.uk/zooka/pp-uk/logginn.html,0,88,"['/apspedrocharry', 'com/']",13,342,22.785714285714285,14,14,0,0,0,0,0,0,0,0,0,,,,,,,
http://gdxjabh.com/js/?app=com-d3&us.battle.net/login/en/?ref=us.battle.net/d3/en/index,2,88,"['/gdxjabh', 'com/']",5,148,16.75,8,8,0,0,0,0,0,0,0,0,0,,,,,,,
http://www.englishlessonsforlife.ca/gsdhbddghdjd/vshsghsjkawye/wpcontnet/freduie/login/,0,87,"['/www', 'englishlessonsforlife', 'ca/']",0,477,17.384615384615383,26,24,0,0,0,0,0,0,0,0,0,,,,,,,
http://gdxjabh.com/js/?us.battle.net/login/en/?ref=us.battle.net/d3/en/indexapp=com-d3,2,87,"['/gdxjabh', 'com/']",5,148,16.75,8,8,0,0,0,0,0,0,0,0,0,,,,,,,
http://service.usafis.org/EN/members/register?gid=3ecbd5dc-0dbe-499d-bc49-bc7d2b7795f0,15,87,"['/service', 'usafis', 'org/']",423,17522,9.840822543792841,1313,700,2,47,0,0,0,0,0,0,0,,,,,,,
http://www.colorpilot.de/users_files/forum/includes/avatars/blog/halifax/login.jsp.htm,0,87,"['/www', 'colorpilot', 'de/']",493,13187,11.184563758389261,894,470,3,45,0,0,0,0,0,0,0,,,,,,,
http://www.gkjx168.com/images/?ref=http%3A%2F%2Fuqpzemuus.battle.net%2Fd3%2Fen%2Findex,10,87,"['/www', 'gkjx168', 'com/']",321,4438,9.444162436548224,394,268,0,2,0,0,0,0,0,0,0,,,,,,,
http://www.idmsa.pl/external/amline/examples/auto_resizing_chart/nets_kundeservice.htm,0,87,"['/www', 'idmsa', 'pl/']",622,14448,11.978378378378379,925,542,2,61,0,0,0,0,0,0,0,,,,,,,
http://www.jaquelinerosa.com/wp-admin/network/authentication_data_new/loginAlibaba.php,0,87,"['/www', 'jaquelinerosa', 'com/']",43,10546,14.701046337817639,669,407,6,47,0,0,0,0,0,0,0,,,,,,,
http://9d345009-a-62cb3a1a-s-sites.googlegroups.com/site/stickamcomlogindo/login.html,11,86,"['/9d345009-a-62cb3a1a-s-sites', 'googlegroups', 'com/']",1514,65749,16.41368800221668,3609,1172,0,7,0,0,0,0,0,0,1,,,,,,,
http://www.1lorawicz.pl/zalaczniki_wso/hip/?pf/saiba_mais/adquira_ja_sua_promocao.asp,1,86,"['/www', '1lorawicz', 'pl/']",6788,67585,11.52385935537882,4778,1997,4,108,0,0,0,0,0,0,0,,,,,,,
http://www.geozenit.com.pl/e.suspension.account.www.paypal.com/us/cgi-bin/webscr.html,0,86,"['/www', 'geozenit', 'com', 'pl/']",39,147413,40.18273260687343,3579,2026,4,44,0,0,0,0,0,0,0,,,,,,,
http://dawsonsworld.com/old_aol.1.2/?Login=&amp;LigertID=1993745&amp;Lis=10&amp;us=1,12,85,"['/dawsonsworld', 'com/']",40,13453,12.849329205366358,969,584,6,45,0,0,0,0,0,0,0,,,,,,,
http://dawsonsworld.com/old_aol.1.2/?Login=&amp;Lis=10&amp;LigertID=1993745&amp;us=1,12,85,"['/dawsonsworld', 'com/']",40,13453,12.849329205366358,969,584,6,45,0,0,0,0,0,0,0,,,,,,,
http://dextme.com/.www.cdn.aol.com/dc.aol.com/cgi-bin25/DM/t/j5Wo0B7XJ2c0Rwf0TOu0Eb/,9,84,"['/dextme', 'com/']",10,272,7.451612903225806,31,29,0,0,0,0,0,0,0,0,0,,,,,,,
http://vi.sandbox.ebaydesc.com/ws/eBayISAPI.dll?ViewItemDescV4&amp;item=110099898874,13,85,"['/vi', 'sandbox', 'ebaydesc', 'com/']",14,1445,61.65217391304348,23,23,0,0,0,0,0,0,0,0,0,,,,,,,
http://www.118bm.com/images/?ref=http%3A%2F%2Fbmtlzkhus.battle.net%2Fd3%2Fen%2Findex,10,85,"['/www', '118bm', 'com/']",141,5223,11.714285714285714,336,197,1,9,0,0,0,0,0,0,0,,,,,,,
http://www.portcomarine.com//wp-content/themes/thedawn/lib/scripts/cache/signon.html,0,85,"['/www', 'portcomarine', 'com/']",2251,22823,14.530505952380953,1344,559,15,53,0,0,0,0,0,0,0,,,,,,,
http://www.eaststreetsalon.com/wp-content/plugins/NatWest/confirm-registration.html,0,84,"['/www', 'eaststreetsalon', 'com/']",5,76,5.909090909090909,11,9,0,0,0,0,0,0,0,0,0,,,,,,,
http://www.konyaningundemi.com/modul/hotmail.comm/hotmail.comm/www.hotmail.com/hot/,0,83,"['/www', 'konyaningundemi', 'com/']",6623,86934,12.318319618882633,4618,1276,1,129,0,0,0,0,0,0,0,,,,,,,
http://www.luquanlvshi.net/js/index.htm?ref=http://coabrpgus.battle.net/d3/en/index,1,84,"['/www', 'luquanlvshi', 'net/']",18,795,16.2,45,40,1,1,0,0,0,0,0,0,0,,,,,,,
http://www.webagencymarketing.it/css/view/scanned/077e573f6e293b20e0b98f16403a180d/,23,83,"['/www', 'webagencymarketing', 'it/']",191,8098,15.718004338394794,461,304,0,7,0,0,0,0,0,0,0,,,,,,,
http://www.webagencymarketing.it/css/view/scanned/22a5beee098fd7307e09bf34f509a83a/,19,83,"['/www', 'webagencymarketing', 'it/']",188,8131,15.77006507592191,461,304,0,7,0,0,0,0,0,0,0,,,,,,,
http://www.webagencymarketing.it/css/view/scanned/557155fe7c4f4c8cbe1febc7ad686b18/,17,83,"['/www', 'webagencymarketing', 'it/']",188,8131,15.77006507592191,461,304,0,7,0,0,0,0,0,0,0,,,,,,,
http://www.webagencymarketing.it/css/view/scanned/976404c306a94568287be5e7b4663057/,26,83,"['/www', 'webagencymarketing', 'it/']",188,8131,15.77006507592191,461,304,0,7,0,0,0,0,0,0,0,,,,,,,
http://www.webagencymarketing.it/css/view/scanned/c7c4cb744ba4bf9c2095201411550934/,23,83,"['/www', 'webagencymarketing', 'it/']",191,8100,15.72234273318872,461,304,0,7,0,0,0,0,0,0,0,,,,,,,
http://www.webagencymarketing.it/css/view/scanned/f67582a71a57006c8cc8d857de1c3126/,22,83,"['/www', 'webagencymarketing', 'it/']",191,8098,15.718004338394794,461,304,0,7,0,0,0,0,0,0,0,,,,,,,
http://www.webagencymarketing.it/css/view/scanned/f84a0f7500935fc87816f560c7b65e62/,23,83,"['/www', 'webagencymarketing', 'it/']",188,8131,15.77006507592191,461,304,0,7,0,0,0,0,0,0,0,,,,,,,
http://chelt.ru/new/wp-content/plugins/uBillboard/encode/webscr.php?cmd=_login-run,0,83,"['/chelt', 'ru/']",183,13057,15.701686121919584,771,438,9,84,0,0,0,0,0,0,0,,,,,,,
http://dlaemeryta.pl/templates/business3/images/copyrights/tango/remaxsecurelogin/,1,82,"['/dlaemeryta', 'pl/']",40,2128,10.745762711864407,177,145,0,5,0,0,0,0,0,0,0,,,,,,,
http://lappiramis.hu/wordpress/wp-content/themes/twentyeleven/inc/images/index.htm,0,83,"['/lappiramis', 'hu/']",430,16468,15.897810218978103,959,634,15,47,0,0,0,0,0,0,0,,,,,,,
http://www.evergreenrentacar.com/includes/languages/english/images/buttons/button/,0,82,"['/www', 'evergreenrentacar', 'com/']",2382,110216,15.753436280332599,5893,2401,37,109,0,0,0,0,0,0,0,,,,,,,
http://www.legacysz.com/images/?http://www.runescape.com/m=weblogin/loginform.html,0,83,"['/www', 'legacysz', 'com/']",1556,73488,21.69172216936251,3153,568,8,53,0,0,0,0,0,0,0,,,,,,,
http://www.logoscc.co.za/modules/mod_sp_simple_gallery/elements/download/downl.php,0,83,"['/www', 'logoscc', 'co', 'za/']",409,77757,19.286624203821656,3768,1581,5,175,0,0,0,0,0,0,0,,,,,,,
http://www.oslaindia.com/isupplygraphics.com/wp-content/upgrade/homezone/homezone/,0,82,"['/www', 'oslaindia', 'com/']",10,272,7.451612903225806,31,29,0,0,0,0,0,0,0,0,0,,,,,,,
http://www.pal-wakf.ps/ar/wp-admin/includes/js/www.paypal.com/cgi-bin/loginpps.htm,0,83,"['/www', 'pal-wakf', 'ps/']",0,20174,17.257918552036198,1105,597,1,69,0,0,0,0,0,0,0,,,,,,,
http://www.signaturesoycandles.com/themes/signaturesoycandles-001/images/stgeorge/,3,82,"['/www', 'signaturesoycandles', 'com/']",101,4838,11.2421875,384,254,2,10,0,0,0,0,0,0,0,,,,,,,
http://xyqx168.com/images/?ref=http%3A%2F%2Ftbaoletus.battle.net%2Fd3%2Fen%2Findex,10,83,"['/xyqx168', 'com/']",286,6156,10.921800947867299,422,102,0,9,0,0,0,0,0,0,0,,,,,,,
http://www.gshoulder.kr/wp-content/themes/twentytwelve/languages/dropbox/dropbox/,0,81,"['/www', 'gshoulder', 'kr/']",0,0,0,0,0,0,0,0,0,0,0,0,0,0,,,,,,,
http://www.hotelior.pl/eng/mail/lang/bankPartnerRegistrationAuthenticate.aspx.htm,0,82,"['/www', 'hotelior', 'pl/']",209,59584,13.861480552070264,3985,1516,2,100,0,0,0,0,0,0,0,,,,,,,
http://www.jinxiuyuanlin.com/js/?ref=http%3A%2F%2Fus.battle.net%2Fd3%2Fen%2Findex,7,82,"['/www', 'jinxiuyuanlin', 'com/']",40,13545,12.958677685950413,968,589,6,46,0,0,0,0,0,0,0,,,,,,,
http://www.kshitij.in/helc/css/1/php/50295921cf20802663f28e1153282bfb/mpp/update/,26,81,"['/www', 'kshitij', 'in/']",0,461,16.76923076923077,26,24,0,0,0,0,0,0,0,0,0,,,,,,,
http://www.kshitij.in/helc/css/1/php/673af000f7436f3729ea5261fee91ede/mpp/update/,21,81,"['/www', 'kshitij', 'in/']",0,461,16.76923076923077,26,24,0,0,0,0,0,0,0,0,0,,,,,,,
http://www.kshitij.in/helc/css/1/php/edc8e8250d4c30235c1c00db17a8c2a2/mpp/update/,20,81,"['/www', 'kshitij', 'in/']",0,461,16.76923076923077,26,24,0,0,0,0,0,0,0,0,0,,,,,,,
http://www.wellkomputindo.com/wp-admin/execllenters/Yahoo!AccountVerification.htm,0,82,"['/www', 'wellkomputindo', 'com/']",3506,60137,14.883792048929664,3597,1547,17,87,0,0,0,0,0,0,0,,,,,,,
http://accedddi.szm.com/ehhfkdjfkskfjedlfkdkskdndklsndlsnmldsjflsjdlsdjfkfj.html,0,81,"['/accedddi', 'szm', 'com/']",76,3241,9.45631067961165,309,233,0,2,0,0,0,0,0,0,0,,,,,,,
http://www.bsyfsl.com/images/?http://www.runescape.com/m=weblogin/loginform.html,0,81,"['/www', 'bsyfsl', 'com/']",497,117167,23.057875155022735,4838,687,0,487,0,0,0,0,0,0,0,,,,,,,
http://www.kshitij.in/Scripts/1/php/96277c287605fbc2211551554fa79129/mpp/update/,27,80,"['/www', 'kshitij', 'in/']",0,453,16.46153846153846,26,24,0,0,0,0,0,0,0,0,0,,,,,,,
http://www.orthodonsite.com/catalog/includes/modules/payment/bancok____godn.html,0,81,"['/www', 'orthodonsite', 'com/']",218,5347,8.775933609958507,482,243,1,1,0,0,0,0,0,0,0,,,,,,,
