phish_id,url,phish_detail_url,submission_time,verified,verification_time,online,target
4554014,https://www.lasertec-mi.com/suneast/logon.asp,http://www.phishtank.com/phish_detail.php?phish_id=4554014,2016-10-24T14:06:45+00:00,yes,2016-11-14T11:07:48+00:00,yes,Other
4551650,http://www.phoenixlocksmith-az.com/prole/?p,http://www.phishtank.com/phish_detail.php?phish_id=4551650,2016-10-22T12:01:02+00:00,yes,2016-11-29T13:26:26+00:00,yes,Other
4551315,http://gkjx168.com/images/?ref=http://uqpzemuus.battle.net/d3/en/index,http://www.phishtank.com/phish_detail.php?phish_id=4551315,2016-10-22T09:11:51+00:00,yes,2016-10-30T22:05:47+00:00,yes,Other
4549062,http://www.phoenixlocksmith-az.com/prole/?p[]=prole,http://www.phishtank.com/phish_detail.php?phish_id=4549062,2016-10-21T02:55:07+00:00,yes,2017-02-19T20:33:40+00:00,yes,Other
4545313,http://alfallc.com.ua/wp-content/languages/themes/Outime/ourtime.html,http://www.phishtank.com/phish_detail.php?phish_id=4545313,2016-10-19T02:36:47+00:00,yes,2016-12-16T11:49:02+00:00,yes,Other
4534848,http://www.pahalgamhotel.com/a/,http://www.phishtank.com/phish_detail.php?phish_id=4534848,2016-10-15T17:00:47+00:00,yes,2016-10-17T12:51:27+00:00,yes,Apple
4533703,http://tpreiasouthtexas.org/images/kn/yahoo.html,http://www.phishtank.com/phish_detail.php?phish_id=4533703,2016-10-14T09:45:32+00:00,yes,2016-10-14T18:59:24+00:00,yes,Other
4531960,http://tpreiasouthtexas.org/images/kn/pet4homes.php.html,http://www.phishtank.com/phish_detail.php?phish_id=4531960,2016-10-13T14:55:26+00:00,yes,2016-10-16T12:55:07+00:00,yes,Other
4531895,http://stsgroupbd.com/aug/ee/secure/cmd-login=8fcea3873b229424189a22867caef31e/,http://www.phishtank.com/phish_detail.php?phish_id=4531895,2016-10-13T14:09:53+00:00,yes,2017-11-08T11:34:14+00:00,yes,Other
4529117,http://fredwilliams.publishpath.com/system-adminstrator,http://www.phishtank.com/phish_detail.php?phish_id=4529117,2016-10-12T03:00:17+00:00,yes,2016-10-31T03:31:36+00:00,yes,Other
4528133,http://itunes-signup.performancehorizon.com/signup/jp/itunes,http://www.phishtank.com/phish_detail.php?phish_id=4528133,2016-10-11T19:14:07+00:00,yes,2018-06-04T13:48:48+00:00,yes,Other
4525124,http://www.tpreiasouthtexas.org/images/kn/yahoo.html,http://www.phishtank.com/phish_detail.php?phish_id=4525124,2016-10-10T10:11:07+00:00,yes,2016-10-11T12:32:13+00:00,yes,Other
4525121,http://www.tpreiasouthtexas.org/images/kn/pet4homes.php.html,http://www.phishtank.com/phish_detail.php?phish_id=4525121,2016-10-10T10:10:56+00:00,yes,2016-11-04T02:41:48+00:00,yes,Other
4523488,http://phoenixlocksmith-az.com/prole/,http://www.phishtank.com/phish_detail.php?phish_id=4523488,2016-10-09T14:02:58+00:00,yes,2016-10-19T19:55:21+00:00,yes,Other
4523434,http://www.phoenixlocksmith-az.com/prole/,http://www.phishtank.com/phish_detail.php?phish_id=4523434,2016-10-09T13:57:55+00:00,yes,2016-10-15T13:33:54+00:00,yes,Other
4523222,http://www.tpreiasouthtexas.org/images/kn/autolink/index.php,http://www.phishtank.com/phish_detail.php?phish_id=4523222,2016-10-09T11:01:01+00:00,yes,2016-10-11T01:50:59+00:00,yes,Other
4522939,http://www.neesandvos.com/wp/tmp/ahdgfhhd.php,http://www.phishtank.com/phish_detail.php?phish_id=4522939,2016-10-09T03:57:20+00:00,yes,2016-10-10T14:53:00+00:00,yes,Other
4521705,http://stsgroupbd.com/aug/ee/secure/cmd-login=8e624428269b1e296f49085bd6b42d28/,http://www.phishtank.com/phish_detail.php?phish_id=4521705,2016-10-08T13:06:19+00:00,yes,2016-10-12T20:13:42+00:00,yes,Other
4521704,http://stsgroupbd.com/aug/ee/secure/cmd-login=70197106b366dc855e301cb9c01e014f/,http://www.phishtank.com/phish_detail.php?phish_id=4521704,2016-10-08T13:06:10+00:00,yes,2016-11-01T19:26:45+00:00,yes,Other
4520208,http://barrettatile.com/Update.html,http://www.phishtank.com/phish_detail.php?phish_id=4520208,2016-10-07T19:36:21+00:00,yes,2016-10-10T15:55:56+00:00,yes,Other
4518093,http://serviceunit3.myfreesites.net,http://www.phishtank.com/phish_detail.php?phish_id=4518093,2016-10-06T20:45:25+00:00,yes,2016-11-04T03:00:20+00:00,yes,Live
4515354,http://selfimprovement-reviewed.com/cmoney/login.php,http://www.phishtank.com/phish_detail.php?phish_id=4515354,2016-10-05T20:24:52+00:00,yes,2016-10-08T20:04:44+00:00,yes,Other
4514315,http://tpreiasouthtexas.org/images/soman/control.htm,http://www.phishtank.com/phish_detail.php?phish_id=4514315,2016-10-05T10:52:15+00:00,yes,2016-10-05T15:47:08+00:00,yes,Other
4513665,http://www.tpreiasouthtexas.org/images/kn/autolink/index.php?email=,http://www.phishtank.com/phish_detail.php?phish_id=4513665,2016-10-05T04:07:00+00:00,yes,2016-10-06T16:58:32+00:00,yes,Other
4511883,http://redeabreu.com.br/wp-includes/painel-de-controle-clientes/home/painelprincipal/,http://www.phishtank.com/phish_detail.php?phish_id=4511883,2016-10-05T01:25:13+00:00,yes,2016-12-09T08:46:12+00:00,yes,Other
4505845,http://www.capsulink.com/gjXV2G,http://www.phishtank.com/phish_detail.php?phish_id=4505845,2016-10-02T21:02:46+00:00,yes,2018-09-25T09:57:28+00:00,yes,Other
4500977,http://www.gok.wladyslawow.pl/libraries/joomla/registry/format/,http://www.phishtank.com/phish_detail.php?phish_id=4500977,2016-09-30T19:24:12+00:00,yes,2016-11-19T03:50:19+00:00,yes,PayPal
4500968,http://plasticmonkey.com/wp-content/languages/login.attadmin/at.html,http://www.phishtank.com/phish_detail.php?phish_id=4500968,2016-09-30T19:15:34+00:00,yes,2016-10-05T22:51:43+00:00,yes,Other
4497580,http://jenis9q.dx.am/home.php,http://www.phishtank.com/phish_detail.php?phish_id=4497580,2016-09-29T03:57:13+00:00,yes,2016-10-05T20:27:49+00:00,yes,Other
4495683,http://claassistencia.com.br/wp-admin/includes/drnewh/,http://www.phishtank.com/phish_detail.php?phish_id=4495683,2016-09-28T17:14:00+00:00,yes,2016-09-28T22:16:18+00:00,yes,Other
4495139,http://qsdqsx.ns12-wistee.fr/index1.html,http://www.phishtank.com/phish_detail.php?phish_id=4495139,2016-09-28T12:37:18+00:00,yes,2017-02-04T22:33:32+00:00,yes,Other
4480511,http://www.northwestinspectionservices.com/styles/allg/WEB%20in%20-%20Adobe%20File.html,http://www.phishtank.com/phish_detail.php?phish_id=4480511,2016-09-23T03:56:37+00:00,yes,2016-10-05T15:50:51+00:00,yes,Other
4473162,http://chezlesdudu.com/includes/HNB/SLogin.htm,http://www.phishtank.com/phish_detail.php?phish_id=4473162,2016-09-21T00:35:58+00:00,yes,2016-10-19T19:57:11+00:00,yes,Other
4470782,http://domkinawyspie.nspace.pl/cal/emailbox/cs.htm,http://www.phishtank.com/phish_detail.php?phish_id=4470782,2016-09-20T07:10:14+00:00,yes,2016-10-05T23:44:05+00:00,yes,Other
4470118,https://dk-media.s3.amazonaws.com/media/1nv95/downloads/312977/fgty.html,http://www.phishtank.com/phish_detail.php?phish_id=4470118,2016-09-19T19:08:52+00:00,yes,2017-04-11T02:41:36+00:00,yes,Other
4465702,http://www.chezlesdudu.com/includes/HNB/SLogin.htm,http://www.phishtank.com/phish_detail.php?phish_id=4465702,2016-09-18T03:52:27+00:00,yes,2016-10-13T06:56:40+00:00,yes,Other
4464660,http://kathycannon.net/wp-admin/user/ab/Update.html,http://www.phishtank.com/phish_detail.php?phish_id=4464660,2016-09-17T18:17:11+00:00,yes,2016-10-07T15:26:59+00:00,yes,Other
4462671,http://dropbox.notif-system.com/dropboxshare/108993-MfowNCWSzGtFzg,http://www.phishtank.com/phish_detail.php?phish_id=4462671,2016-09-17T01:18:16+00:00,yes,2016-10-04T14:22:35+00:00,yes,Other
4461745,http://heartstrongyoga.com/main/templates/system/css/92839388494.php,http://www.phishtank.com/phish_detail.php?phish_id=4461745,2016-09-16T20:17:55+00:00,yes,2016-11-30T05:01:39+00:00,yes,Other
4455435,https://itunes-signup.performancehorizon.com/signup/en_us/itunes,http://www.phishtank.com/phish_detail.php?phish_id=4455435,2016-09-14T08:51:00+00:00,yes,2018-02-18T20:17:57+00:00,yes,Other
4453637,http://xini0k.tripod.com/cgi/,http://www.phishtank.com/phish_detail.php?phish_id=4453637,2016-09-13T16:40:51+00:00,yes,2016-10-04T18:32:02+00:00,yes,Other
4452401,http://www.guarusite.com.br/clients/,http://www.phishtank.com/phish_detail.php?phish_id=4452401,2016-09-13T04:49:53+00:00,yes,2016-10-05T14:09:35+00:00,yes,Other
4451686,http://selfimprovement-reviewed.com/cmoney/index2.htm,http://www.phishtank.com/phish_detail.php?phish_id=4451686,2016-09-12T23:25:51+00:00,yes,2016-10-06T09:09:37+00:00,yes,Other
4441373,http://www.ovbrl.org/phpForm/forms/form1.html,http://www.phishtank.com/phish_detail.php?phish_id=4441373,2016-09-08T15:54:32+00:00,yes,2016-11-07T22:57:36+00:00,yes,Other
4440977,http://www.stsgroupbd.com/aug/ee/secure/cmd-login=6d0fecb66fbca13ec8bea4e3d33d5a40/,http://www.phishtank.com/phish_detail.php?phish_id=4440977,2016-09-08T12:35:35+00:00,yes,2018-02-06T06:53:46+00:00,yes,Other
4436663,http://psykologidialog.dk/wp-admin/up.php,http://www.phishtank.com/phish_detail.php?phish_id=4436663,2016-09-06T13:57:17+00:00,yes,2017-03-21T05:11:20+00:00,yes,Other
4423058,http://exchangedictionary.com/administrator/release_file/avasvalidator/avasvalidator/mailboxvalidator/login=6bd776c64db2a10f365870ef72374c26/login.php?reff=6d4e4d40ca9e9c3c843dc9023d56ae75,http://www.phishtank.com/phish_detail.php?phish_id=4423058,2016-09-01T14:14:17+00:00,yes,2016-09-27T23:45:12+00:00,yes,Other
4406433,http://jaggaauto.com/Hfp/,http://www.phishtank.com/phish_detail.php?phish_id=4406433,2016-08-25T12:21:02+00:00,yes,2016-10-11T02:32:21+00:00,yes,Other
4404191,http://bbgeeks.com/.f/?WejaSaoPKN,http://www.phishtank.com/phish_detail.php?phish_id=4404191,2016-08-24T13:43:48+00:00,yes,2017-01-09T20:10:42+00:00,yes,Other
4394150,http://stsgroupbd.com/ros/ee/secure/cmd-login=5e1a1723d9bfd26aa605628ae89ccbfd/,http://www.phishtank.com/phish_detail.php?phish_id=4394150,2016-08-20T16:31:03+00:00,yes,2016-12-21T04:17:59+00:00,yes,Other
4394147,http://stsgroupbd.com/ros/ee/secure/cmd-login=34815fef4aa24215d329cdeb69d77280/,http://www.phishtank.com/phish_detail.php?phish_id=4394147,2016-08-20T16:30:45+00:00,yes,2016-09-12T21:22:46+00:00,yes,Other
4394142,http://stsgroupbd.com/ros/ee/secure/cmd-login=12830aec1dbd5fa9a7e88467226f4d93/,http://www.phishtank.com/phish_detail.php?phish_id=4394142,2016-08-20T16:30:14+00:00,yes,2016-09-12T21:22:46+00:00,yes,Other
4394138,http://stsgroupbd.com/aug/ee/secure/cmd-login=370a3f98731e55a3450e88c4a7592a9c/,http://www.phishtank.com/phish_detail.php?phish_id=4394138,2016-08-20T16:30:07+00:00,yes,2016-11-14T02:44:33+00:00,yes,Other
4388191,http://www.stsgroupbd.com/ros/ee/secure/cmd-login=34815fef4aa24215d329cdeb69d77280/,http://www.phishtank.com/phish_detail.php?phish_id=4388191,2016-08-18T19:51:42+00:00,yes,2016-10-07T03:31:28+00:00,yes,Other
4388189,http://www.stsgroupbd.com/ros/ee/secure/cmd-login=2d31d5c9d52dd9c521620c808d5558d4/,http://www.phishtank.com/phish_detail.php?phish_id=4388189,2016-08-18T19:51:30+00:00,yes,2018-02-06T10:48:20+00:00,yes,Other
4388186,http://www.stsgroupbd.com/aug/ee/secure/cmd-login=370a3f98731e55a3450e88c4a7592a9c/,http://www.phishtank.com/phish_detail.php?phish_id=4388186,2016-08-18T19:51:09+00:00,yes,2016-09-25T23:58:53+00:00,yes,Other
4388077,http://stsgroupbd.com/ros/ee/secure/cmd-login=6d20ca503b5a0af2f92f3cf19955cb13/,http://www.phishtank.com/phish_detail.php?phish_id=4388077,2016-08-18T19:22:09+00:00,yes,2016-09-30T16:47:45+00:00,yes,Other
4387973,http://www.kiouh.com/category.php,http://www.phishtank.com/phish_detail.php?phish_id=4387973,2016-08-18T18:05:34+00:00,yes,2017-02-25T16:35:37+00:00,yes,Other
4387783,http://stsgroupbd.com/aug/ee/secure/cmd-login=bf1cb33ddcf84c331b084dda24cc111c/,http://www.phishtank.com/phish_detail.php?phish_id=4387783,2016-08-18T16:50:32+00:00,yes,2016-10-03T11:42:00+00:00,yes,Other
4387611,http://www.sciflyllc.com/wp-content/themes/twentytwelve/ap1.php,http://www.phishtank.com/phish_detail.php?phish_id=4387611,2016-08-18T16:00:14+00:00,yes,2017-02-04T19:55:23+00:00,yes,Other
4386871,http://www.seongnamfc.com/update/,http://www.phishtank.com/phish_detail.php?phish_id=4386871,2016-08-18T09:45:15+00:00,yes,2016-11-23T17:19:28+00:00,yes,PayPal
4386869,http://muralsbysteve.com/.se/abc/,http://www.phishtank.com/phish_detail.php?phish_id=4386869,2016-08-18T09:40:59+00:00,yes,2017-02-26T19:37:50+00:00,yes,Other
4386092,http://www.sloaneandhyde.com/view/PDF/PDF/login.htm,http://www.phishtank.com/phish_detail.php?phish_id=4386092,2016-08-17T20:35:57+00:00,yes,2016-09-11T08:19:45+00:00,yes,Other
4383486,http://kayakthefloridakeys.com/l.php,http://www.phishtank.com/phish_detail.php?phish_id=4383486,2016-08-17T03:06:07+00:00,yes,2016-11-11T21:00:37+00:00,yes,PayPal
4382299,http://www.i-m.mx/hawaii/hawaii/,http://www.phishtank.com/phish_detail.php?phish_id=4382299,2016-08-16T17:35:36+00:00,yes,2016-10-03T11:20:38+00:00,yes,Other
4379503,http://stsgroupbd.com/aug/ee/secure/cmd-login=6d0fecb66fbca13ec8bea4e3d33d5a40/,http://www.phishtank.com/phish_detail.php?phish_id=4379503,2016-08-15T20:29:35+00:00,yes,2016-10-05T10:48:21+00:00,yes,Other
4379502,http://stsgroupbd.com/aug/ee/secure/cmd-login=2309492d735f94efd429230a6ea03173/,http://www.phishtank.com/phish_detail.php?phish_id=4379502,2016-08-15T20:29:28+00:00,yes,2016-09-20T09:30:43+00:00,yes,Other
4379158,http://www.stsgroupbd.com/aug/ee/secure/cmd-login=ef8acdd149a6d630d80645ff9a46eb95/,http://www.phishtank.com/phish_detail.php?phish_id=4379158,2016-08-15T19:19:20+00:00,yes,2016-10-06T20:35:59+00:00,yes,Other
4379155,http://www.stsgroupbd.com/aug/ee/secure/cmd-login=e5252c7fc60f2701c2555c99694aca59/,http://www.phishtank.com/phish_detail.php?phish_id=4379155,2016-08-15T19:19:08+00:00,yes,2016-09-06T14:13:29+00:00,yes,Other
4377879,http://rmtl1a.net/c/67/923543/1675/0/3578172/419/63977/sidefg.html,http://www.phishtank.com/phish_detail.php?phish_id=4377879,2016-08-15T10:55:58+00:00,yes,2016-10-05T23:41:57+00:00,yes,Other
4375768,http://zoflin.tripod.com/Germanix-tove/information/prossing-account.html,http://www.phishtank.com/phish_detail.php?phish_id=4375768,2016-08-14T14:33:07+00:00,yes,2016-09-15T15:38:34+00:00,yes,PayPal
4367633,http://ilardo.com/repatrialo/comments,http://www.phishtank.com/phish_detail.php?phish_id=4367633,2016-08-12T12:04:25+00:00,yes,2016-12-03T01:41:46+00:00,yes,Other
4362400,http://whare.100webspace.net/joomla/plugins/fm.htm,http://www.phishtank.com/phish_detail.php?phish_id=4362400,2016-08-11T10:15:49+00:00,yes,2016-08-11T23:31:44+00:00,yes,Other
4350555,https://dk-media.s3.amazonaws.com/media/1nn5f/downloads/310897/der.html,http://www.phishtank.com/phish_detail.php?phish_id=4350555,2016-08-05T18:30:09+00:00,yes,2016-08-29T05:43:13+00:00,yes,Other
4350112,http://weddingsbyknottydays.com/.user/,http://www.phishtank.com/phish_detail.php?phish_id=4350112,2016-08-05T14:24:09+00:00,yes,2016-10-10T14:20:18+00:00,yes,PayPal
4342087,http://n3rpv.net/cfo/,http://www.phishtank.com/phish_detail.php?phish_id=4342087,2016-08-02T14:56:52+00:00,yes,2016-08-07T13:33:46+00:00,yes,Other
4341934,http://www.saequity.com/wp-includes/SimplePie/XML/~/DHL/tracking.php?l=_JeHFUq_VJOXK0QWHtoGYDw_Product-UserID,http://www.phishtank.com/phish_detail.php?phish_id=4341934,2016-08-02T14:41:07+00:00,yes,2016-08-16T02:36:58+00:00,yes,Other
4333944,http://www.n3rpv.net/cfo/,http://www.phishtank.com/phish_detail.php?phish_id=4333944,2016-08-02T00:12:24+00:00,yes,2016-08-04T01:58:22+00:00,yes,Other
4330918,http://letsgophishing.com/pages/facebook.html,http://www.phishtank.com/phish_detail.php?phish_id=4330918,2016-08-01T12:38:22+00:00,yes,2016-08-19T10:15:48+00:00,yes,Facebook
4326394,http://verifyyouremail.tripod.com/update/,http://www.phishtank.com/phish_detail.php?phish_id=4326394,2016-07-27T12:18:07+00:00,yes,2016-07-27T15:06:39+00:00,yes,Hotmail
4297495,http://comersio.com/modules/mod_stats/course/mycours.htm,http://www.phishtank.com/phish_detail.php?phish_id=4297495,2016-07-14T20:26:09+00:00,yes,2016-08-01T20:50:35+00:00,yes,"eBay, Inc."
4289139,http://mailgcccdeduowa.my-free.website/,http://www.phishtank.com/phish_detail.php?phish_id=4289139,2016-07-11T11:17:35+00:00,yes,2016-08-19T11:57:46+00:00,yes,Other
4288443,http://www.ambrosecourt.com/Our/Ourtime/ourtime.html,http://www.phishtank.com/phish_detail.php?phish_id=4288443,2016-07-11T00:51:22+00:00,yes,2016-09-28T00:28:26+00:00,yes,Other
4288297,http://ambrosecourt.com/Our/Ourtime/ourtime.html,http://www.phishtank.com/phish_detail.php?phish_id=4288297,2016-07-10T22:53:52+00:00,yes,2016-08-06T19:32:38+00:00,yes,Other
4286963,http://webstories.eu/home/werbung/eim.htm,http://www.phishtank.com/phish_detail.php?phish_id=4286963,2016-07-10T09:16:17+00:00,yes,2016-09-23T02:22:54+00:00,yes,Other
4281965,http://mailcleaner.tripod.com/,http://www.phishtank.com/phish_detail.php?phish_id=4281965,2016-07-08T14:45:47+00:00,yes,2016-08-19T11:57:47+00:00,yes,Other
4278512,http://zlobek.stargard.pl/rnac.php,http://www.phishtank.com/phish_detail.php?phish_id=4278512,2016-07-07T07:59:45+00:00,yes,2016-07-16T13:07:15+00:00,yes,Other
4275216,http://ebanking-ch1.ubs.com.vissergoutsmits.nl/img/.x/ubs/page.php,http://www.phishtank.com/phish_detail.php?phish_id=4275216,2016-07-06T07:31:39+00:00,yes,2016-07-10T18:16:28+00:00,yes,Other
4251671,http://adamgabriel.com.au/classes/work/context/deactivation.php,http://www.phishtank.com/phish_detail.php?phish_id=4251671,2016-06-30T06:20:09+00:00,yes,2016-10-04T22:02:51+00:00,yes,Other
4228603,http://verificati0n.webs.com/,http://www.phishtank.com/phish_detail.php?phish_id=4228603,2016-06-24T11:12:26+00:00,yes,2016-09-21T20:03:40+00:00,yes,Other
4211535,http://hydrolyzeultra.com/fuse/QUOTATION%20ORDER.htm,http://www.phishtank.com/phish_detail.php?phish_id=4211535,2016-06-22T23:39:32+00:00,yes,2016-07-05T10:25:09+00:00,yes,Other
4188507,http://serviceunit3.myfreesites.net/,http://www.phishtank.com/phish_detail.php?phish_id=4188507,2016-06-16T12:31:43+00:00,yes,2016-09-03T10:58:21+00:00,yes,Other
4188452,http://www.hydrolyzeultra.com/fuse/QUOTATION%20ORDER.htm,http://www.phishtank.com/phish_detail.php?phish_id=4188452,2016-06-16T12:11:17+00:00,yes,2016-06-28T10:59:41+00:00,yes,Other
4183026,http://accountverificationmethod.tripod.com/,http://www.phishtank.com/phish_detail.php?phish_id=4183026,2016-06-15T02:22:18+00:00,yes,2016-09-29T20:56:38+00:00,yes,Other
4173961,http://webmailadmin0.myfreesites.net/,http://www.phishtank.com/phish_detail.php?phish_id=4173961,2016-06-13T00:17:16+00:00,yes,2016-11-18T03:03:26+00:00,yes,Other
4168656,http://aicai.it/articoli/calendario/images/config/alegati/css/images/css/,http://www.phishtank.com/phish_detail.php?phish_id=4168656,2016-06-11T10:12:27+00:00,yes,2017-03-12T22:29:22+00:00,yes,Other
4165196,http://sanjosewomens.clinic/wp-admin/home/,http://www.phishtank.com/phish_detail.php?phish_id=4165196,2016-06-10T07:01:22+00:00,yes,2016-07-02T21:55:42+00:00,yes,Other
4161644,http://auction-korea.co.kr/technote7/peace/index.htm/,http://www.phishtank.com/phish_detail.php?phish_id=4161644,2016-06-09T08:01:58+00:00,yes,2016-06-14T12:52:18+00:00,yes,Other
4160662,http://expertconsultancy.ae/wp-admin/pdx/index.htm,http://www.phishtank.com/phish_detail.php?phish_id=4160662,2016-06-09T02:41:38+00:00,yes,2016-07-31T10:53:30+00:00,yes,Other
4153995,http://saequity.com/wp-includes/SimplePie/XML/~/DHL/index.php?l=_JeHFUq_VJOXK0QWHtoGYDw_Product-UserID&amp;%3B%3Buserid=abuse%40yahoo.com.com,http://www.phishtank.com/phish_detail.php?phish_id=4153995,2016-06-07T08:57:01+00:00,yes,2016-07-21T11:33:25+00:00,yes,Other
4146594,http://www.saequity.com/wp-includes/SimplePie/XML/~/DHL/index.php?l=_JeHFUq_VJOXK0QWHtoGYDw_Product-UserID&amp;;userid=abuse@yahoo.com.com,http://www.phishtank.com/phish_detail.php?phish_id=4146594,2016-06-04T22:50:30+00:00,yes,2016-07-03T11:44:49+00:00,yes,Other
4141532,http://www.saequity.com/wp-includes/SimplePie/XML/~/DHL/tracking.php,http://www.phishtank.com/phish_detail.php?phish_id=4141532,2016-06-03T19:29:23+00:00,yes,2016-06-23T09:26:23+00:00,yes,Other
4139910,http://www.saequity.com/wp-includes/SimplePie/XML/~/DHL/tracking.php?l=_JeHFUq_VJOXK0QWHtoGYDw_Product-UserID&userid=,http://www.phishtank.com/phish_detail.php?phish_id=4139910,2016-06-03T06:47:07+00:00,yes,2016-06-19T06:55:58+00:00,yes,Other
4139909,http://www.saequity.com/wp-includes/SimplePie/XML/~/DHL/index.php?l=_JeHFUq_VJOXK0QWHtoGYDw_Product-UserID,http://www.phishtank.com/phish_detail.php?phish_id=4139909,2016-06-03T06:47:06+00:00,yes,2016-06-19T06:55:58+00:00,yes,Other
4136964,http://www.saequity.com/wp-includes/SimplePie/XML/~/DHL/tracking2.php,http://www.phishtank.com/phish_detail.php?phish_id=4136964,2016-06-02T12:54:30+00:00,yes,2016-06-19T07:25:06+00:00,yes,Other
4136409,http://www.saequity.com/wp-includes/SimplePie/XML/~/DHL/tracking2.php?l=_JeHFUq_VJOXK0QWHtoGYDw_Product-UserID&amp;userid=abuse@yahoo.com.com,http://www.phishtank.com/phish_detail.php?phish_id=4136409,2016-06-02T11:15:15+00:00,yes,2016-06-19T07:25:06+00:00,yes,Other
4116876,http://www.familylifebc.com/ruam.php,http://www.phishtank.com/phish_detail.php?phish_id=4116876,2016-05-27T06:15:58+00:00,yes,2016-05-27T07:16:42+00:00,yes,Capitec Bank
4114886,http://mh7dkvpu.myutilitydomain.com/auth/c550593453918f32b5435a7a50edd670/,http://www.phishtank.com/phish_detail.php?phish_id=4114886,2016-05-26T13:41:58+00:00,yes,2016-06-07T13:42:45+00:00,yes,Other
4109512,http://www.dezuiderzee.org/wp-includes/adobes/,http://www.phishtank.com/phish_detail.php?phish_id=4109512,2016-05-24T21:41:02+00:00,yes,2016-05-30T14:59:45+00:00,yes,Other
4100973,http://greengrasssms.com/j.php,http://www.phishtank.com/phish_detail.php?phish_id=4100973,2016-05-22T05:09:02+00:00,yes,2016-09-06T02:09:19+00:00,yes,Other
4100948,https://itunes.phgconsole.performancehorizon.com/login/itunes/en/,http://www.phishtank.com/phish_detail.php?phish_id=4100948,2016-05-22T05:07:05+00:00,yes,2016-05-29T19:01:46+00:00,yes,Other
4082488,http://www.sloaneandhyde.com/drs/new2015/pvalidate.html,http://www.phishtank.com/phish_detail.php?phish_id=4082488,2016-05-17T05:17:58+00:00,yes,2016-05-30T14:30:28+00:00,yes,Other
4082483,http://www.sloaneandhyde.com/imm/new2015/pvalidate.html,http://www.phishtank.com/phish_detail.php?phish_id=4082483,2016-05-17T05:17:29+00:00,yes,2016-06-05T11:49:22+00:00,yes,Other
4081926,http://sloaneandhyde.com/imm/new2015/pvalidate.html,http://www.phishtank.com/phish_detail.php?phish_id=4081926,2016-05-17T03:42:22+00:00,yes,2016-05-26T02:20:06+00:00,yes,Other
4074353,http://cns-international2.com/s.htm,http://www.phishtank.com/phish_detail.php?phish_id=4074353,2016-05-14T13:54:56+00:00,yes,2016-06-18T14:10:00+00:00,yes,Other
4066603,http://remove-ca-codes.webstarts.com/,http://www.phishtank.com/phish_detail.php?phish_id=4066603,2016-05-12T21:22:54+00:00,yes,2016-06-14T02:50:00+00:00,yes,Other
4065021,http://cns-international2.com/r.htm,http://www.phishtank.com/phish_detail.php?phish_id=4065021,2016-05-12T13:31:31+00:00,yes,2016-05-29T19:51:37+00:00,yes,JPMorgan Chase and Co.
4062346,http://www.expertconsultancy.ae/wp-admin/pdx/,http://www.phishtank.com/phish_detail.php?phish_id=4062346,2016-05-11T16:44:10+00:00,yes,2016-06-09T16:34:59+00:00,yes,Other
4057541,http://myclmavalue.com/cache.php,http://www.phishtank.com/phish_detail.php?phish_id=4057541,2016-05-10T12:51:45+00:00,yes,2016-05-24T12:14:08+00:00,yes,Other
4038689,http://cache.nebula.phx3.secureserver.net/obj/QkMyMThBNjg0RjJCRjg2Njc3OEM6YWY1ZDcwYjhhODdhZmQwZDgyZTdkOTUyMDlkY2YzODY6Ojo6/,http://www.phishtank.com/phish_detail.php?phish_id=4038689,2016-05-06T14:51:12+00:00,yes,2016-06-15T12:34:46+00:00,yes,Other
4029424,http://morfil-fm.blogcu.com/,http://www.phishtank.com/phish_detail.php?phish_id=4029424,2016-05-04T19:40:08+00:00,yes,2016-10-08T12:33:46+00:00,yes,Other
4023985,http://cmdlin3.com/wp-admin/web/?Email=iyr00964ms.showtower.com.tw,http://www.phishtank.com/phish_detail.php?phish_id=4023985,2016-05-02T23:51:12+00:00,yes,2016-07-02T11:49:40+00:00,yes,Other
4023983,http://cmdlin3.com/wp-admin/web/index.php?Email=abuse@ms.showtower.com.tw,http://www.phishtank.com/phish_detail.php?phish_id=4023983,2016-05-02T23:51:03+00:00,yes,2016-06-16T10:13:11+00:00,yes,Other
4010941,http://gkjx168.com/images/?app=com-d3&amp;us.battle.net/login/enoneclickdiscount.com/wp-admin,http://www.phishtank.com/phish_detail.php?phish_id=4010941,2016-04-28T23:58:38+00:00,yes,2016-06-25T19:23:43+00:00,yes,Other
4001968,http://www.veranda-spb.ru/wp-includes/images/smilies/seniorpeoplemeet.html,http://www.phishtank.com/phish_detail.php?phish_id=4001968,2016-04-25T10:30:09+00:00,yes,2016-05-15T18:35:40+00:00,yes,Other
4001499,http://veranda-spb.ru/wp-includes/images/smilies/seniorpeoplemeet.html,http://www.phishtank.com/phish_detail.php?phish_id=4001499,2016-04-25T08:30:20+00:00,yes,2016-05-13T15:56:57+00:00,yes,Other
3998742,http://mrbrklyn.com/resources/09BASE.html,http://www.phishtank.com/phish_detail.php?phish_id=3998742,2016-04-24T05:20:40+00:00,yes,2016-06-21T10:47:58+00:00,yes,Other
3996189,http://cpaassociatesllc.com/taxfile/2015return/fillingupates/2013gdocs/,http://www.phishtank.com/phish_detail.php?phish_id=3996189,2016-04-23T01:35:04+00:00,yes,2016-05-12T03:59:41+00:00,yes,Other
3979318,http://www.pfsoftware.in/uejd832heokjn/update.html,http://www.phishtank.com/phish_detail.php?phish_id=3979318,2016-04-17T23:10:36+00:00,yes,2016-05-14T07:48:18+00:00,yes,Other
3979288,http://pfsoftware.in/uejd832heokjn/update.html,http://www.phishtank.com/phish_detail.php?phish_id=3979288,2016-04-17T22:09:05+00:00,yes,2016-09-25T21:20:43+00:00,yes,PayPal
3970389,http://sciflyllc.com/wp-content/themes/twentytwelve/ap1.php,http://www.phishtank.com/phish_detail.php?phish_id=3970389,2016-04-15T02:10:24+00:00,yes,2016-05-13T16:54:47+00:00,yes,Other
3964208,http://www.shannonebeling.com/wp-includes/css/post.php,http://www.phishtank.com/phish_detail.php?phish_id=3964208,2016-04-12T22:29:12+00:00,yes,2016-07-14T00:31:45+00:00,yes,Other
3959616,http://tant.co.kr/gallery/o2shop/O2_security_update.html/,http://www.phishtank.com/phish_detail.php?phish_id=3959616,2016-04-11T19:01:48+00:00,yes,2016-05-18T12:56:36+00:00,yes,Other
3958811,http://sites.google.com/site/libretyreserve,http://www.phishtank.com/phish_detail.php?phish_id=3958811,2016-04-11T14:58:57+00:00,yes,2016-10-08T09:22:49+00:00,yes,Other
3953258,http://tvr-immobilien.de/wp-includes/wp-app.php,http://www.phishtank.com/phish_detail.php?phish_id=3953258,2016-04-09T15:05:19+00:00,yes,2016-10-08T09:21:49+00:00,yes,Other
3953012,http://sadervoyages.intnet.mu/bomtradebox.com/Dropbox/bomtrade/,http://www.phishtank.com/phish_detail.php?phish_id=3953012,2016-04-09T13:03:03+00:00,yes,2016-05-16T14:59:20+00:00,yes,Other
3952251,http://herdax.somee.com/DUPDATEZ.html,http://www.phishtank.com/phish_detail.php?phish_id=3952251,2016-04-09T07:53:03+00:00,yes,2016-09-16T01:32:09+00:00,yes,Other
3948543,http://appwefacebooe9.webcindario.com/,http://www.phishtank.com/phish_detail.php?phish_id=3948543,2016-04-07T23:19:56+00:00,yes,2016-04-08T12:51:52+00:00,yes,Facebook
3946298,http://www.naidakundurovic.com/cli/45bade2Fusr2Ftiraoo3F_trksid3Dp2047675l2559eayISAPIdllSignInru=http0A2F2Fwwwebade2Fusr2Ftiraoo3F_trksid3Dp2047675l2559.html,http://www.phishtank.com/phish_detail.php?phish_id=3946298,2016-04-07T02:56:12+00:00,yes,2016-05-13T10:55:09+00:00,yes,Other
3940189,http://jhanjartv.com/ok_site/team/auth/success.php,http://www.phishtank.com/phish_detail.php?phish_id=3940189,2016-04-04T08:47:22+00:00,yes,2016-05-14T18:56:15+00:00,yes,Other
3910801,http://margottepsychotherapy.com/images/verify.html,http://www.phishtank.com/phish_detail.php?phish_id=3910801,2016-03-21T21:14:24+00:00,yes,2016-05-16T12:58:37+00:00,yes,Other
3902369,http://conasida.org.sv/media/com_easydiscuss/images/index.php,http://www.phishtank.com/phish_detail.php?phish_id=3902369,2016-03-16T17:08:52+00:00,yes,2016-05-02T01:56:05+00:00,yes,Other
3897977,http://jeffreybcam.net/wp-admin/new/administrator_restore.htm,http://www.phishtank.com/phish_detail.php?phish_id=3897977,2016-03-14T15:59:07+00:00,yes,2016-08-06T09:34:03+00:00,yes,Other
3897780,http://sykes.org/login.asp,http://www.phishtank.com/phish_detail.php?phish_id=3897780,2016-03-14T12:50:31+00:00,yes,2016-06-27T13:28:38+00:00,yes,Other
3894220,http://chiatena.zxy.me/webpage/es/auth/view/document/,http://www.phishtank.com/phish_detail.php?phish_id=3894220,2016-03-13T10:56:13+00:00,yes,2016-05-12T15:57:37+00:00,yes,Other
3894217,http://chiatena.zxy.me/presentations/dir/es/auth/view/document/,http://www.phishtank.com/phish_detail.php?phish_id=3894217,2016-03-13T10:55:56+00:00,yes,2016-05-15T05:44:35+00:00,yes,Other
3889975,http://dezuiderzee.org/wp-includes/adobes/index.htm,http://www.phishtank.com/phish_detail.php?phish_id=3889975,2016-03-11T10:25:11+00:00,yes,2016-03-11T20:07:22+00:00,yes,Other
3882600,http://lazaridesign.com/treasure/,http://www.phishtank.com/phish_detail.php?phish_id=3882600,2016-03-08T06:54:11+00:00,yes,2016-04-06T22:17:26+00:00,yes,Other
3882595,http://lazaridesign.com/treasure/index.html,http://www.phishtank.com/phish_detail.php?phish_id=3882595,2016-03-08T06:53:52+00:00,yes,2016-03-25T05:31:27+00:00,yes,Other
3882541,http://www.lazaridesign.com/treasure/,http://www.phishtank.com/phish_detail.php?phish_id=3882541,2016-03-08T05:06:32+00:00,yes,2016-05-12T16:09:31+00:00,yes,Other
3878777,http://0s.nrxwo2lo.ozvs4y3pnu.cmla.ru/?act=login,http://www.phishtank.com/phish_detail.php?phish_id=3878777,2016-03-06T06:10:40+00:00,yes,2016-05-16T15:18:42+00:00,yes,Other
3874419,http://51jianli.cn/images/,http://www.phishtank.com/phish_detail.php?phish_id=3874419,2016-03-04T06:01:44+00:00,yes,2016-04-01T18:05:43+00:00,yes,Other
3873356,http://hetershaven.net/css/03496773043/09572370984380/001/3B762723737B2z.html,http://www.phishtank.com/phish_detail.php?phish_id=3873356,2016-03-04T00:08:53+00:00,yes,2016-06-01T00:25:20+00:00,yes,Other
3848261,http://australiacitycollege.edu.au/us/nort1110010101778ujei882jfe21bc8irczxvxcxcnbfe22sdfasdfa9881991/,http://www.phishtank.com/phish_detail.php?phish_id=3848261,2016-02-21T20:40:18+00:00,yes,2016-04-09T12:35:25+00:00,yes,Other
3847317,http://www.i-m.mx/eupdate/emailaccountupdate/,http://www.phishtank.com/phish_detail.php?phish_id=3847317,2016-02-21T06:51:56+00:00,yes,2016-04-12T09:30:58+00:00,yes,Other
3837732,http://csgladiatorgym.ro/wp-includes/customize/sp.htm,http://www.phishtank.com/phish_detail.php?phish_id=3837732,2016-02-17T02:25:28+00:00,yes,2016-03-26T22:52:47+00:00,yes,Other
3832505,http://w107fm.com/wp-admin/css/web/bt.com/clients/,http://www.phishtank.com/phish_detail.php?phish_id=3832505,2016-02-15T04:22:54+00:00,yes,2016-05-13T14:09:02+00:00,yes,Other
3817287,http://getactive365.com/wp-includes/css/upgrade/web-upgrade/,http://www.phishtank.com/phish_detail.php?phish_id=3817287,2016-02-08T01:00:36+00:00,yes,2016-02-25T18:24:25+00:00,yes,Other
3806979,http://mala-riba.com/view/,http://www.phishtank.com/phish_detail.php?phish_id=3806979,2016-02-03T06:36:19+00:00,yes,2016-03-16T22:57:26+00:00,yes,Other
3753717,http://www.njpear.com/zbbs/icon/private_name/index.htm,http://www.phishtank.com/phish_detail.php?phish_id=3753717,2016-01-13T03:52:25+00:00,yes,2016-04-13T23:30:33+00:00,yes,Other
3753442,http://www.conexiondevida.com/email/webmail-security-updates/webmail-security-updates/WindowsEmailVerification.html,http://www.phishtank.com/phish_detail.php?phish_id=3753442,2016-01-13T03:28:04+00:00,yes,2016-02-13T09:18:20+00:00,yes,Other
3753439,http://conexiondevida.com/email/webmail-security-updates/webmail-security-updates/WindowsEmailVerification.html,http://www.phishtank.com/phish_detail.php?phish_id=3753439,2016-01-13T03:27:52+00:00,yes,2016-01-25T22:55:37+00:00,yes,Other
3728592,http://fpmaam.org/antsafiderana/AMAFI/webmail-email-upgrading-service/MicrosoftEmailUpgrade.html,http://www.phishtank.com/phish_detail.php?phish_id=3728592,2016-01-05T05:45:45+00:00,yes,2016-05-10T12:25:18+00:00,yes,Other
3716999,http://www.pracadarepublicaembeja.net/men,http://www.phishtank.com/phish_detail.php?phish_id=3716999,2015-12-30T08:31:26+00:00,yes,2016-02-28T07:23:36+00:00,yes,Other
3695454,http://expertconsultancy.ae/wp-admin/pdx/,http://www.phishtank.com/phish_detail.php?phish_id=3695454,2015-12-18T02:14:37+00:00,yes,2016-02-24T18:49:54+00:00,yes,Other
3672141,http://www.royalbeachnepal.com/images/ALIBABA/login.jsp.htm,http://www.phishtank.com/phish_detail.php?phish_id=3672141,2015-12-08T04:51:49+00:00,yes,2016-02-08T16:06:29+00:00,yes,Other
3636097,http://guarusite.com.br/clients/,http://www.phishtank.com/phish_detail.php?phish_id=3636097,2015-11-23T07:17:53+00:00,yes,2015-11-25T13:45:05+00:00,yes,Other
3625723,http://bordados.com.uy/eh1/public_html/webmail/webmail/,http://www.phishtank.com/phish_detail.php?phish_id=3625723,2015-11-18T19:46:12+00:00,yes,2017-01-05T11:12:56+00:00,yes,Other
3623432,http://ww.contactscorp.com/Dir/WebHosting/YahooMail,http://www.phishtank.com/phish_detail.php?phish_id=3623432,2015-11-17T22:05:55+00:00,yes,2019-02-22T08:34:04+00:00,yes,Other
3618091,http://sinarbaruperkasa.com/css/nkss/nort0711818fsdfuyie6739fjruet6gwutu2634hj/,http://www.phishtank.com/phish_detail.php?phish_id=3618091,2015-11-16T08:10:46+00:00,yes,2016-01-19T00:33:23+00:00,yes,Other
3604779,http://bigislandcondorentalsbyowner.com/wp-admin/,http://www.phishtank.com/phish_detail.php?phish_id=3604779,2015-11-13T10:33:56+00:00,yes,2015-12-15T21:40:52+00:00,yes,Other
3600121,http://chiatena.zxy.me/resume/dir/auth/view/document/,http://www.phishtank.com/phish_detail.php?phish_id=3600121,2015-11-13T02:57:44+00:00,yes,2015-12-08T20:24:58+00:00,yes,Other
3579888,http://www.intracomer.com.mx/intranet/archFtpApache/832_36.htm,http://www.phishtank.com/phish_detail.php?phish_id=3579888,2015-11-05T15:09:27+00:00,yes,2016-02-08T22:46:36+00:00,yes,Other
3573703,http://www.ezblox.site/free/jennifer111/helpdesk,http://www.phishtank.com/phish_detail.php?phish_id=3573703,2015-11-03T14:41:38+00:00,yes,2016-03-15T18:51:08+00:00,yes,Other
3566697,http://camdasohbetyeliz.blogcu.com/,http://www.phishtank.com/phish_detail.php?phish_id=3566697,2015-10-31T16:34:06+00:00,yes,2016-01-23T11:23:44+00:00,yes,Other
3565483,http://deneyimli.blogcu.com/,http://www.phishtank.com/phish_detail.php?phish_id=3565483,2015-10-31T09:38:24+00:00,yes,2016-02-02T01:32:41+00:00,yes,Other
3565201,http://www.kids4mo.com/wp-content/plugins/mic.htm,http://www.phishtank.com/phish_detail.php?phish_id=3565201,2015-10-31T08:58:36+00:00,yes,2016-01-23T11:16:23+00:00,yes,Other
3564126,http://kids4mo.com/wp-content/plugins/mic.htm,http://www.phishtank.com/phish_detail.php?phish_id=3564126,2015-10-31T03:54:26+00:00,yes,2015-12-14T23:45:10+00:00,yes,Other
3558987,http://diathermiki.gr/logos/new%20logos/small/.newupdatewebmail/8-login-form/,http://www.phishtank.com/phish_detail.php?phish_id=3558987,2015-10-28T03:20:58+00:00,yes,2016-02-03T07:05:55+00:00,yes,Other
3528912,http://aaaaa.the4orce.net/,http://www.phishtank.com/phish_detail.php?phish_id=3528912,2015-10-14T18:56:08+00:00,yes,2015-10-17T00:34:00+00:00,yes,AOL
3524918,http://albel.intnet.mu/File/download_doc.php,http://www.phishtank.com/phish_detail.php?phish_id=3524918,2015-10-12T15:22:39+00:00,yes,2016-02-23T09:49:40+00:00,yes,Other
3520069,http://www.actualizacionesjuridicasdeantioquia.com/wp-admin/user/sgdjdsjs/mail1134-1662-10787-0%20833-14345=349049881.php,http://www.phishtank.com/phish_detail.php?phish_id=3520069,2015-10-09T14:51:01+00:00,yes,2015-10-09T22:40:33+00:00,yes,Other
3516140,http://wwqx121.com/public/googledrive/,http://www.phishtank.com/phish_detail.php?phish_id=3516140,2015-10-07T21:38:16+00:00,yes,2015-10-20T13:43:34+00:00,yes,Other
3506274,http://dongsuh.net/visa/index.html/?/visa.com.br/programa/de/pontos/cadastro.html,http://www.phishtank.com/phish_detail.php?phish_id=3506274,2015-10-02T14:40:51+00:00,yes,2015-12-20T17:07:47+00:00,yes,Visa
3496688,https://79.docs.google.com/,http://www.phishtank.com/phish_detail.php?phish_id=3496688,2015-09-29T03:21:04+00:00,yes,2015-12-08T23:28:26+00:00,yes,Other
3496687,http://79.docs.google.com/,http://www.phishtank.com/phish_detail.php?phish_id=3496687,2015-09-29T03:21:03+00:00,yes,2015-10-12T14:32:14+00:00,yes,Other
3489795,http://thescrapescape.com/cccxxxxxxxxxc/doc/doc/processing.html,http://www.phishtank.com/phish_detail.php?phish_id=3489795,2015-09-26T08:21:08+00:00,yes,2015-09-27T00:36:51+00:00,yes,Other
3448782,http://e-kitap-indir.blogcu.com/,http://www.phishtank.com/phish_detail.php?phish_id=3448782,2015-09-09T18:09:43+00:00,yes,2015-09-21T12:45:05+00:00,yes,Other
3448758,http://sumeyemozlen.blogcu.com/,http://www.phishtank.com/phish_detail.php?phish_id=3448758,2015-09-09T18:04:47+00:00,yes,2015-09-21T16:51:45+00:00,yes,Other
3448723,http://onaysistemi.blogcu.com/,http://www.phishtank.com/phish_detail.php?phish_id=3448723,2015-09-09T17:54:44+00:00,yes,2016-01-11T08:11:24+00:00,yes,Other
3437536,http://snjtradelink.com/wp-admin/file/,http://www.phishtank.com/phish_detail.php?phish_id=3437536,2015-09-03T17:32:39+00:00,yes,2015-12-21T03:24:25+00:00,yes,AOL
3429541,http://fakebok.blogcu.com/,http://www.phishtank.com/phish_detail.php?phish_id=3429541,2015-08-31T02:59:06+00:00,yes,2015-09-05T03:40:19+00:00,yes,Other
3422833,http://zdravets.org/Scripts/Supplier/weblogin.html,http://www.phishtank.com/phish_detail.php?phish_id=3422833,2015-08-27T02:24:17+00:00,yes,2015-10-31T02:35:59+00:00,yes,Other
3416815,http://balcaounicodoadvogado.com/urssaf.particuliers/,http://www.phishtank.com/phish_detail.php?phish_id=3416815,2015-08-24T15:51:58+00:00,yes,2015-10-08T18:58:59+00:00,yes,Other
3414924,http://orhanbartug.blogcu.com/,http://www.phishtank.com/phish_detail.php?phish_id=3414924,2015-08-23T20:10:33+00:00,yes,2015-10-12T14:54:42+00:00,yes,Other
3414903,http://djakmansonnefes.blogcu.com/,http://www.phishtank.com/phish_detail.php?phish_id=3414903,2015-08-23T20:07:11+00:00,yes,2015-09-28T06:44:49+00:00,yes,Other
3406197,http://voentorg56.ru/language/pt-BR/hbos/HxProcess.php,http://www.phishtank.com/phish_detail.php?phish_id=3406197,2015-08-19T17:36:24+00:00,yes,2015-10-10T00:47:19+00:00,yes,Other
3403097,http://usawireless.tv/cadastro/,http://www.phishtank.com/phish_detail.php?phish_id=3403097,2015-08-18T17:34:50+00:00,yes,2015-08-25T23:24:36+00:00,yes,Cielo
3400745,http://www.thescrapescape.com/cccxxxxxxxxxc/doc/doc/processing.html,http://www.phishtank.com/phish_detail.php?phish_id=3400745,2015-08-17T20:58:57+00:00,yes,2015-09-20T16:39:36+00:00,yes,Other
3387380,http://www.thescrapescape.com/cccxxxxxxxxxc/doc/doc/document.php,http://www.phishtank.com/phish_detail.php?phish_id=3387380,2015-08-12T06:18:06+00:00,yes,2015-08-22T10:57:35+00:00,yes,Other
3370818,http://bordados.com.uy/eh1/public_html/webmail/webmail/index.php,http://www.phishtank.com/phish_detail.php?phish_id=3370818,2015-08-03T21:11:48+00:00,yes,2015-09-23T16:33:51+00:00,yes,Other
3370264,http://elrincondelarquero.com/gdrive/login.php,http://www.phishtank.com/phish_detail.php?phish_id=3370264,2015-08-03T17:39:47+00:00,yes,2015-08-13T20:16:01+00:00,yes,Other
3355754,http://zend-framework-community.634137.n4.nabble.com/Update-Your-Paypal-Account-Information-td641687.html,http://www.phishtank.com/phish_detail.php?phish_id=3355754,2015-07-28T14:53:30+00:00,yes,2015-10-21T18:18:00+00:00,yes,Other
3344736,http://nothingelsefilm.com/wp-content/themes/widescreen/includes/temp/hed,http://www.phishtank.com/phish_detail.php?phish_id=3344736,2015-07-23T23:08:27+00:00,yes,2015-09-02T22:58:01+00:00,yes,Other
3344734,http://nothingelsefilm.com/wp-content/themes/widescreen/includes/temp/ski,http://www.phishtank.com/phish_detail.php?phish_id=3344734,2015-07-23T23:08:20+00:00,yes,2015-08-26T00:28:45+00:00,yes,Other
3344735,http://nothingelsefilm.com/wp-content/themes/widescreen/includes/temp/ski/,http://www.phishtank.com/phish_detail.php?phish_id=3344735,2015-07-23T23:08:20+00:00,yes,2015-08-05T07:16:40+00:00,yes,Other
3342218,http://www.nothingelsefilm.com/wp-content/themes/widescreen/includes/temp/hed/,http://www.phishtank.com/phish_detail.php?phish_id=3342218,2015-07-22T23:57:25+00:00,yes,2015-07-31T10:25:28+00:00,yes,Other
3338161,http://www.cirqueentertainment.com/info/up/,http://www.phishtank.com/phish_detail.php?phish_id=3338161,2015-07-21T01:11:07+00:00,yes,2015-07-28T18:24:05+00:00,yes,Other
3331152,http://www.cirqueentertainment.com/instructions/up/,http://www.phishtank.com/phish_detail.php?phish_id=3331152,2015-07-16T18:56:19+00:00,yes,2015-07-18T14:16:57+00:00,yes,Other
3328673,http://mindsetthinking.com/MIND_Donations1.html,http://www.phishtank.com/phish_detail.php?phish_id=3328673,2015-07-15T12:15:55+00:00,yes,2015-07-16T20:34:31+00:00,yes,Other
3328150,http://www.cbnstage.com/dmesecurities/filemanager/securefile/2013gdocs/,http://www.phishtank.com/phish_detail.php?phish_id=3328150,2015-07-15T07:52:45+00:00,yes,2015-07-18T02:42:13+00:00,yes,Other
3327857,http://cbnstage.com/dmesecurities/filemanager/securefile/2013gdocs/,http://www.phishtank.com/phish_detail.php?phish_id=3327857,2015-07-15T00:12:21+00:00,yes,2015-07-16T06:06:33+00:00,yes,Other
3303701,http://www.cirqueentertainment.com/file/up/,http://www.phishtank.com/phish_detail.php?phish_id=3303701,2015-07-05T04:00:30+00:00,yes,2015-07-11T18:40:26+00:00,yes,Other
3302045,http://pachafloripa.com.br/Financeiro/?8ux7xyx6xtx5xrx4xexrx5x6x7xhx6xgx5xfx4xdx5xfxgx6x0ppo9i8u7y6t5r432q1qaswdefrgthyjukiolmnbvcxzasdfghjklpoiuytrewq1234567890h7g65f4d5fg6h76v54cx3x4c5v6bv5c4x3z2s34f5g6h7j8k9lk8j7h6g5f4d3s2aw3exrx4x5xtx6xyxux7xix8xox9xix8x7xjxhx6gx5xfx4xcxxx3x2xzxsx3xdxfx4x5xgxh6xj7k8j7h65tr4e3w23er45t6y76hg5f4d3sd4f5g65vc4x3z2s3df45gh6j7kjh6g5f4d3s2aw3e4r5t6y,http://www.phishtank.com/phish_detail.php?phish_id=3302045,2015-07-04T04:58:03+00:00,yes,2015-07-06T21:46:20+00:00,yes,Other
3296744,http://cache.nebula.phx3.secureserver.net/obj/MTcwODRCRjk2NEFCMEE2QjcxNzI6ZDBiMjVhZDdjZDQ4MTliZTcwZjFiNmFhNDljM2IwYjY6Ojo6,http://www.phishtank.com/phish_detail.php?phish_id=3296744,2015-07-02T10:18:36+00:00,yes,2015-07-13T00:22:39+00:00,yes,PayPal
3295589,http://bordados.com.uy/eh4/public_html/portuguese/webmail/universal/index.php,http://www.phishtank.com/phish_detail.php?phish_id=3295589,2015-07-01T16:46:11+00:00,yes,2015-07-08T08:48:23+00:00,yes,Other
3284658,http://nexus.centre.free.fr/site/components/com_content/models/page.php,http://www.phishtank.com/phish_detail.php?phish_id=3284658,2015-06-27T18:59:30+00:00,yes,2015-06-28T03:06:58+00:00,yes,Other
3269142,http://charlyntangerine.com/hshjajjakdjda/bls.html,http://www.phishtank.com/phish_detail.php?phish_id=3269142,2015-06-19T13:51:06+00:00,yes,2015-06-20T10:42:10+00:00,yes,Other
3255761,http://valallos.labellemontagne.com/wp-content/daily_activity/2015-06-10_activite.html,http://www.phishtank.com/phish_detail.php?phish_id=3255761,2015-06-12T01:20:04+00:00,yes,2015-06-15T10:18:28+00:00,yes,Other
3249351,http://heartstrongyoga.com/main/lado/,http://www.phishtank.com/phish_detail.php?phish_id=3249351,2015-06-08T16:30:57+00:00,yes,2015-06-09T14:18:15+00:00,yes,Other
3236241,http://cirqueentertainment.com/view/up/,http://www.phishtank.com/phish_detail.php?phish_id=3236241,2015-05-31T15:57:45+00:00,yes,2015-06-01T19:26:28+00:00,yes,Other
3236171,http://cirqueentertainment.com/view/up/index.php,http://www.phishtank.com/phish_detail.php?phish_id=3236171,2015-05-31T15:04:15+00:00,yes,2015-06-01T19:25:55+00:00,yes,Other
3235667,http://cirqueentertainment.com/file/up/,http://www.phishtank.com/phish_detail.php?phish_id=3235667,2015-05-31T05:02:36+00:00,yes,2015-05-31T16:37:18+00:00,yes,Other
3233886,http://cirqueentertainment.com/file/up/index.php,http://www.phishtank.com/phish_detail.php?phish_id=3233886,2015-05-29T17:01:03+00:00,yes,2015-05-30T16:17:34+00:00,yes,Other
3233812,http://cirqueentertainment.com/info/up/,http://www.phishtank.com/phish_detail.php?phish_id=3233812,2015-05-29T16:01:52+00:00,yes,2015-05-29T22:23:47+00:00,yes,Other
3233805,http://cirqueentertainment.com/info/up/index.php,http://www.phishtank.com/phish_detail.php?phish_id=3233805,2015-05-29T16:01:13+00:00,yes,2015-05-31T10:56:37+00:00,yes,Other
3233665,http://cirqueentertainment.com/instructions/up/,http://www.phishtank.com/phish_detail.php?phish_id=3233665,2015-05-29T14:21:27+00:00,yes,2015-05-30T04:39:08+00:00,yes,Other
3230410,http://cirqueentertainment.com/docss/up/,http://www.phishtank.com/phish_detail.php?phish_id=3230410,2015-05-27T21:05:14+00:00,yes,2015-06-01T19:22:24+00:00,yes,Other
3230054,http://cirqueentertainment.com/instructions/up/index.php,http://www.phishtank.com/phish_detail.php?phish_id=3230054,2015-05-27T18:25:05+00:00,yes,2015-05-28T05:31:06+00:00,yes,Other
3230051,http://cirqueentertainment.com/docss/up/index.php,http://www.phishtank.com/phish_detail.php?phish_id=3230051,2015-05-27T18:24:40+00:00,yes,2015-05-30T16:18:44+00:00,yes,Other
3197648,http://heartstrongyoga.com/main/lado/index.htm,http://www.phishtank.com/phish_detail.php?phish_id=3197648,2015-05-14T18:42:12+00:00,yes,2015-05-15T07:22:53+00:00,yes,PayPal
3190474,http://www.i-m.mx/webid/Webid/,http://www.phishtank.com/phish_detail.php?phish_id=3190474,2015-05-11T21:12:30+00:00,yes,2015-05-15T12:07:01+00:00,yes,Other
3171254,http://smsfreeee.tripod.com/index.html,http://www.phishtank.com/phish_detail.php?phish_id=3171254,2015-05-03T19:04:44+00:00,yes,2015-05-04T08:03:09+00:00,yes,Other
3126075,http://albel.intnet.mu/File/file_doc.php?l=_JeHFUq_VJOXJoGYDw_OXK0K0QWHtoGYDw_Product-UserID,http://www.phishtank.com/phish_detail.php?phish_id=3126075,2015-04-15T06:03:54+00:00,yes,2015-04-16T07:48:43+00:00,yes,Other
3117786,http://auction-korea.co.kr/technote7/peace/,http://www.phishtank.com/phish_detail.php?phish_id=3117786,2015-04-11T04:03:32+00:00,yes,2015-04-13T08:07:33+00:00,yes,Other
3102721,http://albel.intnet.mu/File/index.php,http://www.phishtank.com/phish_detail.php?phish_id=3102721,2015-04-09T18:27:44+00:00,yes,2015-04-11T02:24:05+00:00,yes,Other
3100474,http://www.alaskanmalamute.us/.alasmal-akc.jpg/login.php,http://www.phishtank.com/phish_detail.php?phish_id=3100474,2015-04-09T00:26:47+00:00,yes,2015-04-15T15:35:34+00:00,yes,Other
3098431,http://albel.intnet.mu/File/download_doc.php?l=_JeHFUq_VJOXJoGYDw_OXK0K0QWHtoGYDw_Product-UserID&amp;userid_JeHJOXK0IDw_JOXK0IDD&amp;userid=,http://www.phishtank.com/phish_detail.php?phish_id=3098431,2015-04-08T10:21:16+00:00,yes,2015-04-10T15:47:11+00:00,yes,Other
3098289,http://smallislandent.com/mboc/wp-content/themes/newstoday/images/bill.aol.com.php,http://www.phishtank.com/phish_detail.php?phish_id=3098289,2015-04-08T10:07:07+00:00,yes,2015-04-11T21:07:15+00:00,yes,Other
3098006,http://albel.intnet.mu/File/file_doc.php?l=_JeHFUq_VJOXJoGYDw_OXK0K0QWHtoGYDw_Product-UserID&userid_JeHJOXK0IDw_JOXK0IDD&userid=,http://www.phishtank.com/phish_detail.php?phish_id=3098006,2015-04-08T09:20:43+00:00,yes,2015-04-10T15:45:40+00:00,yes,Other
3098005,http://albel.intnet.mu/File/,http://www.phishtank.com/phish_detail.php?phish_id=3098005,2015-04-08T09:20:41+00:00,yes,2015-04-10T11:34:11+00:00,yes,Other
3082223,http://miramedical.com/zm.htm,http://www.phishtank.com/phish_detail.php?phish_id=3082223,2015-03-31T18:53:51+00:00,yes,2015-04-01T20:41:25+00:00,yes,Other
3068645,http://yunali.gtacomputer.com/viewerf.html,http://www.phishtank.com/phish_detail.php?phish_id=3068645,2015-03-24T02:11:19+00:00,yes,2015-03-25T23:24:30+00:00,yes,Other
3068364,http://www.addpoll.com/information/form/emergency-contact-information-form,http://www.phishtank.com/phish_detail.php?phish_id=3068364,2015-03-23T22:07:22+00:00,yes,2015-03-24T05:30:44+00:00,yes,Other
3027729,http://www.acmeprofessionalsindia.com/matchprofilepics.html,http://www.phishtank.com/phish_detail.php?phish_id=3027729,2015-03-04T03:44:16+00:00,yes,2015-03-16T01:17:09+00:00,yes,Other
3025296,https://www.astrologie-ausbildung.eu//_ocneu/redirect.html,http://www.phishtank.com/phish_detail.php?phish_id=3025296,2015-03-03T11:49:02+00:00,yes,2015-03-12T16:57:59+00:00,yes,PayPal
2881091,http://glamorous.hk/secure/signin.htm,http://www.phishtank.com/phish_detail.php?phish_id=2881091,2014-12-29T19:23:41+00:00,yes,2014-12-30T06:54:26+00:00,yes,Other
2868400,http://cache.nebula.phx3.secureserver.net/obj/RDZBM0RBREIzM0FFQkE4Mjg2RUE6ZWFjNWYwM2JiZjM4YjU1MDk1NzFiOTZkMWFkZWQ4ODE6Ojo6,http://www.phishtank.com/phish_detail.php?phish_id=2868400,2014-12-23T22:11:55+00:00,yes,2014-12-27T00:47:55+00:00,yes,Other
2868398,http://cache.nebula.phx3.secureserver.net/obj/QjgyQjhFREYxRjkzRDVDQkQ2MTQ6MjU3YTI0OWIzY2ZlMzQwY2NkMDVmYzIxNjQ2YmFiZDk6Ojo6,http://www.phishtank.com/phish_detail.php?phish_id=2868398,2014-12-23T22:11:44+00:00,yes,2014-12-28T01:32:41+00:00,yes,Other
2863391,http://mali-dugi.tumblr.com/post/105704150710,http://www.phishtank.com/phish_detail.php?phish_id=2863391,2014-12-22T17:27:14+00:00,yes,2014-12-28T22:57:19+00:00,yes,PayPal
2857339,http://ww.ispscorp.com/Dir/WebHosting/YahooMail/email.html,http://www.phishtank.com/phish_detail.php?phish_id=2857339,2014-12-20T02:56:10+00:00,yes,2019-02-22T01:27:20+00:00,yes,Other
2857142,http://mx1.fun-corp.com/Dir/WebHosting/YahooMail/email.html,http://www.phishtank.com/phish_detail.php?phish_id=2857142,2014-12-20T02:06:06+00:00,yes,2019-03-08T01:11:42+00:00,yes,Other
2798036,http://gallois.fondation.free.fr/Re-Validate.html,http://www.phishtank.com/phish_detail.php?phish_id=2798036,2014-11-26T16:19:36+00:00,yes,2014-12-01T07:13:27+00:00,yes,Other
2678485,http://infopaypal.135.it/,http://www.phishtank.com/phish_detail.php?phish_id=2678485,2014-09-29T01:02:49+00:00,yes,2014-10-04T19:39:18+00:00,yes,Other
2657309,http://cache.nebula.phx3.secureserver.net/obj/RkYwN0NCQTg3QzkwNzlFODZBRjM6MDUxY2I0NjE5NjMzMjYwZTY3NjkyMWFiNWU5ZTcyMTA6Ojo6,http://www.phishtank.com/phish_detail.php?phish_id=2657309,2014-09-14T15:17:47+00:00,yes,2014-09-16T00:33:27+00:00,yes,Other
2653181,http://www.i-m.mx/webaccountupdate/Stockholmsuniversitet/,http://www.phishtank.com/phish_detail.php?phish_id=2653181,2014-09-11T10:55:35+00:00,yes,2014-09-16T10:45:35+00:00,yes,Other
2637207,http://www.latos.co.kr/js/erusr/united/ep/meniu1.htm?theinfored=2718ad761726asdg12765asd7612jgasd87612,http://www.phishtank.com/phish_detail.php?phish_id=2637207,2014-08-29T18:57:57+00:00,yes,2014-08-31T14:25:31+00:00,yes,PayPal
2615836,http://actiie844.coffeecup.com/forms/info..w/,http://www.phishtank.com/phish_detail.php?phish_id=2615836,2014-08-12T12:06:21+00:00,yes,2014-08-16T16:01:08+00:00,yes,Other
2575387,http://www.i-m.mx/omokaroshaw/Update/,http://www.phishtank.com/phish_detail.php?phish_id=2575387,2014-07-12T12:52:16+00:00,yes,2014-07-24T16:38:53+00:00,yes,Other
2562885,http://www.i-m.mx/WEBMASTER8d/emailquota/,http://www.phishtank.com/phish_detail.php?phish_id=2562885,2014-07-03T03:32:47+00:00,yes,2014-07-05T03:10:50+00:00,yes,Other
2560047,http://www.i-m.mx/ebuse/servic,http://www.phishtank.com/phish_detail.php?phish_id=2560047,2014-07-01T15:48:04+00:00,yes,2014-07-06T22:28:24+00:00,yes,Other
2519677,http://amh.ro/verify.php,http://www.phishtank.com/phish_detail.php?phish_id=2519677,2014-06-06T09:05:25+00:00,yes,2014-06-08T21:30:01+00:00,yes,Other
2517226,http://amh.ro/index.htm,http://www.phishtank.com/phish_detail.php?phish_id=2517226,2014-06-05T09:17:03+00:00,yes,2014-06-14T04:19:40+00:00,yes,Other
2511460,http://www.simonkagyorgy.hu/wp-content/languages/forms.asp.htm,http://www.phishtank.com/phish_detail.php?phish_id=2511460,2014-06-02T13:54:07+00:00,yes,2014-06-05T01:04:35+00:00,yes,Other
2509389,http://mwtra.co.uk/mwtra/.s/index.html,http://www.phishtank.com/phish_detail.php?phish_id=2509389,2014-06-01T22:32:12+00:00,yes,2014-06-02T01:39:46+00:00,yes,Other
2465456,http://www.zea-ya.net/doc/,http://www.phishtank.com/phish_detail.php?phish_id=2465456,2014-05-09T20:03:44+00:00,yes,2014-05-10T13:04:09+00:00,yes,AOL
2406142,http://www.jeffreybcam.net/wp-admin/new/administrator_restore.htm,http://www.phishtank.com/phish_detail.php?phish_id=2406142,2014-04-16T07:13:55+00:00,yes,2014-04-26T09:45:00+00:00,yes,Other
2346646,http://cfremaux60.free.fr/lafrogcompagnie/libraries/tcpdf/google.doc.html,http://www.phishtank.com/phish_detail.php?phish_id=2346646,2014-03-21T19:05:46+00:00,yes,2014-03-25T12:09:27+00:00,yes,Google
2311196,http://ftp.lesterandco.com/palermo/sections.js,http://www.phishtank.com/phish_detail.php?phish_id=2311196,2014-02-28T08:51:20+00:00,yes,2014-03-01T22:04:13+00:00,yes,American Express
2247148,https://sites.google.com/site/habbotuttogratis/assignments,http://www.phishtank.com/phish_detail.php?phish_id=2247148,2014-01-24T18:51:07+00:00,yes,2014-02-06T21:53:21+00:00,yes,Sulake Corporation
2209831,http://0s.or3ws5dumvzc4y3pnu.drgo.ru/signup,http://www.phishtank.com/phish_detail.php?phish_id=2209831,2014-01-04T03:32:56+00:00,yes,2014-01-06T08:52:20+00:00,yes,Twitter
2209828,http://0s.or3ws5dumvzc4y3pnu.mbway.ru/signup,http://www.phishtank.com/phish_detail.php?phish_id=2209828,2014-01-04T03:27:28+00:00,yes,2014-01-06T08:51:43+00:00,yes,Twitter
2209809,http://0s.or3ws5dumvzc4y3pnu.xwerty.ru/signup,http://www.phishtank.com/phish_detail.php?phish_id=2209809,2014-01-04T01:32:08+00:00,yes,2014-01-06T08:51:43+00:00,yes,Twitter
2191748,http://mrs-scientific.com/catalogue/compte.html,http://www.phishtank.com/phish_detail.php?phish_id=2191748,2013-12-27T13:03:22+00:00,yes,2013-12-27T23:51:35+00:00,yes,PayPal
2166073,http://drive.google.com.arablatrade.com/google.php,http://www.phishtank.com/phish_detail.php?phish_id=2166073,2013-12-10T15:22:17+00:00,yes,2017-04-01T11:44:47+00:00,yes,Google
2118720,http://ns.act-secure.com/icons/redirect.htm,http://www.phishtank.com/phish_detail.php?phish_id=2118720,2013-11-21T17:09:22+00:00,yes,2013-11-21T22:31:51+00:00,yes,Other
2054762,http://www.cielofidelidade.135.it/,http://www.phishtank.com/phish_detail.php?phish_id=2054762,2013-10-11T21:55:16+00:00,yes,2013-10-12T23:14:53+00:00,yes,Cielo
2045214,http://www.veronikastringquartet.com/htmls/payal.html,http://www.phishtank.com/phish_detail.php?phish_id=2045214,2013-10-01T22:39:22+00:00,yes,2013-10-02T09:48:03+00:00,yes,PayPal
1974052,http://www.samariter-berg.ch/Form/forms/form1.html,http://www.phishtank.com/phish_detail.php?phish_id=1974052,2013-08-13T09:20:05+00:00,yes,2013-08-14T02:33:41+00:00,yes,Other
1956633,http://www.fn-international.com/sendstudio/login.aspx,http://www.phishtank.com/phish_detail.php?phish_id=1956633,2013-07-30T04:22:06+00:00,yes,2013-08-01T11:02:36+00:00,yes,Other
1865971,http://www.formbuddy.com/cgi-bin/formdisp.pl?u=security=M&amp;f=verification,http://www.phishtank.com/phish_detail.php?phish_id=1865971,2013-05-28T15:59:31+00:00,yes,2013-05-28T22:13:12+00:00,yes,Other
1850379,https://sites.google.com/site/libretyreserve/,http://www.phishtank.com/phish_detail.php?phish_id=1850379,2013-05-18T23:52:56+00:00,yes,2013-05-19T13:45:13+00:00,yes,Other
1848164,http://www.motomach3.cz/admin/Activation/cmd%3D_login-run%26dispatch%3D/PayPal/webscrcmd%3D_login-submit%26dispatch%3D5885d80a13c0db1ffc45dc241d84e9538c532da79baccf7c26f850d773643350/fr/,http://www.phishtank.com/phish_detail.php?phish_id=1848164,2013-05-16T23:59:22+00:00,yes,2013-05-17T21:34:27+00:00,yes,Other
1809425,http://sites.google.com/site/habbotuttogratis,http://www.phishtank.com/phish_detail.php?phish_id=1809425,2013-04-30T07:16:53+00:00,yes,2014-01-24T19:34:08+00:00,yes,Other
1754430,http://www.shakeupministries.org/catalog/item/1098908/6243936.htm,http://www.phishtank.com/phish_detail.php?phish_id=1754430,2013-03-06T01:36:57+00:00,yes,2013-03-06T08:31:47+00:00,yes,PayPal
1748866,http://cysmith.net/aolbilling/update.php,http://www.phishtank.com/phish_detail.php?phish_id=1748866,2013-02-27T22:10:23+00:00,yes,2013-02-28T00:01:43+00:00,yes,AOL
1711275,http://media1.wgz.ro/files/media1:4d9de3bdb1834.html.upl/yahoo.html,http://www.phishtank.com/phish_detail.php?phish_id=1711275,2013-01-27T01:10:25+00:00,yes,2013-01-27T08:19:58+00:00,yes,Other
1686745,http://2933517.com/js,http://www.phishtank.com/phish_detail.php?phish_id=1686745,2013-01-07T16:34:40+00:00,yes,2013-01-07T21:09:08+00:00,yes,Other
1647850,http://dinas.tomsk.ru/err/?paypal.ch/ch/cgi-bin/webscr1.htm?cmd=_login-run&dispatch=5885d80a13c0db1f1ff80d546411d7f8a8350c132bc41e0934cfc023d4r4ere32132,http://www.phishtank.com/phish_detail.php?phish_id=1647850,2012-12-12T20:52:10+00:00,yes,2012-12-13T12:07:02+00:00,yes,PayPal
1640564,http://handle.booktobi.com/css/index.html,http://www.phishtank.com/phish_detail.php?phish_id=1640564,2012-12-02T07:08:15+00:00,yes,2012-12-02T12:08:51+00:00,yes,Other
1625285,http://dinas.tomsk.ru/err/?www.paypal.ch/ch/cgi-bin/webscr1.htm?cmd=_login-run,http://www.phishtank.com/phish_detail.php?phish_id=1625285,2012-11-27T20:16:00+00:00,yes,2012-11-27T22:57:47+00:00,yes,Other
1625284,http://dinas.tomsk.ru/err/?paypal.ch/ch/cgi-bin/webscr1.htm?cmd=_login-run&amp;dispatch=5885d80a13c0db1f1ff80d546411d7f8a8350c132bc41e0934cfc023d4r4ere32132,http://www.phishtank.com/phish_detail.php?phish_id=1625284,2012-11-27T20:15:50+00:00,yes,2012-11-29T09:08:05+00:00,yes,Other
1616666,http://princestudio.net/tienda/libraries/joomla/BT/index.php,http://www.phishtank.com/phish_detail.php?phish_id=1616666,2012-11-12T08:27:01+00:00,yes,2012-11-12T16:11:06+00:00,yes,Other
1608258,http://ads.nowfeelme.com/~catherin/paypal.account.confirm/login.php,http://www.phishtank.com/phish_detail.php?phish_id=1608258,2012-11-04T22:39:57+00:00,yes,2012-11-04T23:35:22+00:00,yes,PayPal
1585606,http://www.ikbooks.com/images/infobox/thumbs/Surpreenda.php,http://www.phishtank.com/phish_detail.php?phish_id=1585606,2012-10-10T15:05:41+00:00,yes,2012-10-10T16:39:31+00:00,yes,Mastercard
1585164,http://www.tunga9.cl/cp/,http://www.phishtank.com/phish_detail.php?phish_id=1585164,2012-10-09T20:54:35+00:00,yes,2012-10-10T00:11:15+00:00,yes,PayPal
1565691,http://sogiitx.org/paypal/au/account/secure/updates/login.htm,http://www.phishtank.com/phish_detail.php?phish_id=1565691,2012-09-17T21:24:16+00:00,yes,2012-09-17T23:41:41+00:00,yes,PayPal
1556656,http://dinas.tomsk.ru/sxd/?paypal.com/de/cgi-bin/webscr.cmd=_login-run.php,http://www.phishtank.com/phish_detail.php?phish_id=1556656,2012-09-08T16:25:42+00:00,yes,2012-09-08T17:40:55+00:00,yes,Other
1357988,http://aufildessaisons.com/gi/myalbum/sample/oi/,http://www.phishtank.com/phish_detail.php?phish_id=1357988,2012-02-05T08:17:44+00:00,yes,2012-02-07T23:28:09+00:00,yes,Other
1357987,http://aufildessaisons.com/gi/myalbum/sample/oi/Bienvenido.php,http://www.phishtank.com/phish_detail.php?phish_id=1357987,2012-02-05T08:17:27+00:00,yes,2012-02-07T23:28:39+00:00,yes,Other
1123978,http://creditiperhabbogratissicuro100.blogspot.com/2011/02/habbo-crediti-gratis-sicuro-100.html,http://www.phishtank.com/phish_detail.php?phish_id=1123978,2011-02-18T10:50:32+00:00,yes,2011-02-19T00:05:43+00:00,yes,Sulake Corporation
876840,http://mundovirtualhabbo.blogspot.com/2009_01_01_archive.html,http://www.phishtank.com/phish_detail.php?phish_id=876840,2009-12-03T10:40:26+00:00,yes,2009-12-03T23:56:01+00:00,yes,Sulake Corporation
549159,http://aijcs.blogspot.com/2005/03/colourful-life-of-aij.html,http://www.phishtank.com/phish_detail.php?phish_id=549159,2008-11-07T15:04:00+00:00,yes,2011-09-03T19:15:33+00:00,yes,Other
530149,http://tnet.at.ua/index/0-13,http://www.phishtank.com/phish_detail.php?phish_id=530149,2008-10-20T09:43:48+00:00,yes,2008-10-21T00:33:18+00:00,yes,Other
524013,http://tudu-free.blogspot.com/2008/02/jogos-java-aplicativos.html#footer-wrap2,http://www.phishtank.com/phish_detail.php?phish_id=524013,2008-10-10T12:16:44+00:00,yes,2008-10-12T09:08:49+00:00,yes,Other
